relative_us,key,report_id,sensor_value,travel_units,firmware_mm,calibration_status,payload_hex
0,A,0,17,17,0.17,255,a0 10 00 04 00 11 00 11 11 01 ff 00 06 09 01 55 2c 91 0b 30 00 0f 00 00 00 00 00 00 00 00 00 00 00 00 00 00 00 00 00 00 00 00 00 00 00 00 00 00 00 00 00 00 00 00 00 00 00 00 00 00 00 00 00 00
14967,A,0,61,48,0.48,255,a0 10 00 04 00 3d 00 30 30 01 ff 00 06 09 01 55 2c 1b 0b 30 00 16 00 00 00 00 00 00 00 00 00 00 00 00 00 00 00 00 00 00 00 00 00 00 00 00 00 00 00 00 00 00 00 00 00 00 00 00 00 00 00 00 00 00
30009,A,0,110,78,0.78,255,a0 10 00 04 00 6e 00 4e 08 01 ff 00 06 09 01 55 2b 95 0b 30 00 19 00 00 00 00 00 00 00 00 00 00 00 00 00 00 00 00 00 00 00 00 00 00 00 00 00 00 00 00 00 00 00 00 00 00 00 00 00 00 00 00 00 00
46014,A,0,164,104,1.04,255,a0 10 00 04 00 a4 00 68 04 01 ff 00 06 09 01 55 2b 04 0b 30 00 19 00 00 00 00 00 00 00 00 00 00 00 00 00 00 00 00 00 00 00 00 00 00 00 00 00 00 00 00 00 00 00 00 00 00 00 00 00 00 00 00 00 00
59982,A,0,194,118,1.18,255,a0 10 00 04 00 c2 00 76 08 01 ff 00 06 09 01 55 2a b3 0b 30 00 19 00 00 00 00 00 00 00 00 00 00 00 00 00 00 00 00 00 00 00 00 00 00 00 00 00 00 00 00 00 00 00 00 00 00 00 00 00 00 00 00 00 00
74973,A,0,215,130,1.30,255,a0 10 00 04 00 d7 00 82 00 01 ff 00 06 09 01 55 2a 7a 0b 30 00 19 00 00 00 00 00 00 00 00 00 00 00 00 00 00 00 00 00 00 00 00 00 00 00 00 00 00 00 00 00 00 00 00 00 00 00 00 00 00 00 00 00 00
89979,A,0,220,132,1.32,255,a0 10 00 04 00 dc 00 84 02 01 ff 00 06 09 01 55 2a 6c 0b 30 00 19 00 00 00 00 00 00 00 00 00 00 00 00 00 00 00 00 00 00 00 00 00 00 00 00 00 00 00 00 00 00 00 00 00 00 00 00 00 00 00 00 00 00
135972,A,0,270,148,1.48,255,a0 10 00 04 01 0e 00 94 08 01 ff 00 06 09 01 55 29 e6 0b 30 00 1f 00 00 00 00 00 00 00 00 00 00 00 00 00 00 00 00 00 00 00 00 00 00 00 00 00 00 00 00 00 00 00 00 00 00 00 00 00 00 00 00 00 00
151975,A,0,373,182,1.82,255,a0 10 00 04 01 75 00 b6 02 01 ff 00 06 09 01 55 28 cf 0b 30 00 27 00 00 00 00 00 00 00 00 00 00 00 00 00 00 00 00 00 00 00 00 00 00 00 00 00 00 00 00 00 00 00 00 00 00 00 00 00 00 00 00 00 00
166968,A,0,477,210,2.10,255,a0 10 00 04 01 dd 00 d2 00 01 ff 00 06 09 01 55 27 b6 0b 30 00 27 00 00 00 00 00 00 00 00 00 00 00 00 00 00 00 00 00 00 00 00 00 00 00 00 00 00 00 00 00 00 00 00 00 00 00 00 00 00 00 00 00 00
180849,A,0,542,224,2.24,255,a0 10 00 04 02 1e 00 e0 04 01 ff 00 06 09 01 55 27 06 0b 30 00 27 00 00 00 00 00 00 00 00 00 00 00 00 00 00 00 00 00 00 00 00 00 00 00 00 00 00 00 00 00 00 00 00 00 00 00 00 00 00 00 00 00 00
194840,A,0,560,228,2.28,255,a0 10 00 04 02 30 00 e4 08 01 ff 00 06 09 01 55 26 d6 0b 30 00 27 00 00 00 00 00 00 00 00 00 00 00 00 00 00 00 00 00 00 00 00 00 00 00 00 00 00 00 00 00 00 00 00 00 00 00 00 00 00 00 00 00 00
284845,A,0,512,218,2.18,255,a0 10 00 04 02 00 00 da 0a ff ff 00 06 09 01 55 27 ad 0b 30 00 2a 00 00 00 00 00 00 00 00 00 00 00 00 00 00 00 00 00 00 00 00 00 00 00 00 00 00 00 00 00 00 00 00 00 00 00 00 00 00 00 00 00 00
299845,A,0,411,194,1.94,255,a0 10 00 04 01 9b 00 c2 03 ff ff 00 06 09 01 55 28 68 0b 30 00 2a 00 00 00 00 00 00 00 00 00 00 00 00 00 00 00 00 00 00 00 00 00 00 00 00 00 00 00 00 00 00 00 00 00 00 00 00 00 00 00 00 00 00
315840,A,0,354,178,1.78,255,a0 10 00 04 01 62 00 b2 09 ff ff 00 06 09 01 55 29 04 0b 30 00 2a 00 00 00 00 00 00 00 00 00 00 00 00 00 00 00 00 00 00 00 00 00 00 00 00 00 00 00 00 00 00 00 00 00 00 00 00 00 00 00 00 00 00
329845,A,0,318,166,1.66,255,a0 10 00 04 01 3e 00 a6 01 ff ff 00 06 09 01 55 29 65 0b 30 00 2a 00 00 00 00 00 00 00 00 00 00 00 00 00 00 00 00 00 00 00 00 00 00 00 00 00 00 00 00 00 00 00 00 00 00 00 00 00 00 00 00 00 00
344842,A,0,296,159,1.59,255,a0 10 00 04 01 28 00 9f 08 ff ff 00 06 09 01 55 29 a0 0b 30 00 2a 00 00 00 00 00 00 00 00 00 00 00 00 00 00 00 00 00 00 00 00 00 00 00 00 00 00 00 00 00 00 00 00 00 00 00 00 00 00 00 00 00 00
359843,A,0,290,157,1.57,255,a0 10 00 04 01 22 00 9d 00 ff ff 00 06 09 01 55 29 af 0b 30 00 2a 00 00 00 00 00 00 00 00 00 00 00 00 00 00 00 00 00 00 00 00 00 00 00 00 00 00 00 00 00 00 00 00 00 00 00 00 00 00 00 00 00 00
389853,A,0,279,153,1.53,255,a0 10 00 04 01 17 00 99 04 ff ff 00 06 09 01 55 29 cd 0b 30 00 2a 00 00 00 00 00 00 00 00 00 00 00 00 00 00 00 00 00 00 00 00 00 00 00 00 00 00 00 00 00 00 00 00 00 00 00 00 00 00 00 00 00 00
404971,A,0,274,150,1.50,255,a0 10 00 04 01 12 00 96 07 ff ff 00 06 09 01 55 29 db 0b 30 00 2a 00 00 00 00 00 00 00 00 00 00 00 00 00 00 00 00 00 00 00 00 00 00 00 00 00 00 00 00 00 00 00 00 00 00 00 00 00 00 00 00 00 00
719857,A,0,271,149,1.49,255,a0 10 00 04 01 0f 00 95 08 ff ff 00 06 09 01 55 29 e3 0b 30 00 2a 00 00 00 00 00 00 00 00 00 00 00 00 00 00 00 00 00 00 00 00 00 00 00 00 00 00 00 00 00 00 00 00 00 00 00 00 00 00 00 00 00 00
734848,A,0,268,148,1.48,255,a0 10 00 04 01 0c 00 94 09 ff ff 00 06 09 01 55 29 ea 0b 30 00 2a 00 00 00 00 00 00 00 00 00 00 00 00 00 00 00 00 00 00 00 00 00 00 00 00 00 00 00 00 00 00 00 00 00 00 00 00 00 00 00 00 00 00
1425996,A,0,345,174,1.74,255,a0 10 00 04 01 59 00 ae 04 01 ff 00 06 09 01 55 29 1c 0b 30 00 2a 00 00 00 00 00 00 00 00 00 00 00 00 00 00 00 00 00 00 00 00 00 00 00 00 00 00 00 00 00 00 00 00 00 00 00 00 00 00 00 00 00 00
1442990,A,0,471,208,2.08,255,a0 10 00 04 01 d7 00 d0 08 01 ff 00 06 09 01 55 27 c6 0b 30 00 2a 00 00 00 00 00 00 00 00 00 00 00 00 00 00 00 00 00 00 00 00 00 00 00 00 00 00 00 00 00 00 00 00 00 00 00 00 00 00 00 00 00 00
1457993,A,0,641,244,2.44,255,a0 10 00 04 02 81 00 f4 04 01 ff 00 06 09 01 55 25 fb 0b 30 00 34 00 00 00 00 00 00 00 00 00 00 00 00 00 00 00 00 00 00 00 00 00 00 00 00 00 00 00 00 00 00 00 00 00 00 00 00 00 00 00 00 00 00
1472991,A,0,803,272,2.72,255,a0 10 00 04 03 23 01 10 02 01 ff 00 06 09 01 55 24 44 0b 30 00 35 00 00 00 00 00 00 00 00 00 00 00 00 00 00 00 00 00 00 00 00 00 00 00 00 00 00 00 00 00 00 00 00 00 00 00 00 00 00 00 00 00 00
1486994,A,0,883,282,2.82,255,a0 10 00 04 03 73 01 1a 02 01 ff 00 06 09 01 55 23 6c 0b 30 00 35 00 00 00 00 00 00 00 00 00 00 00 00 00 00 00 00 00 00 00 00 00 00 00 00 00 00 00 00 00 00 00 00 00 00 00 00 00 00 00 00 00 00
1499983,A,0,897,284,2.84,255,a0 10 00 04 03 81 01 1c 04 01 ff 00 06 09 01 55 23 47 0b 30 00 35 00 00 00 00 00 00 00 00 00 00 00 00 00 00 00 00 00 00 00 00 00 00 00 00 00 00 00 00 00 00 00 00 00 00 00 00 00 00 00 00 00 00
1544854,A,0,898,286,2.86,255,a0 10 00 04 03 82 01 1e 06 01 ff 00 06 09 01 55 23 45 0b 30 00 35 00 00 00 00 00 00 00 00 00 00 00 00 00 00 00 00 00 00 00 00 00 00 00 00 00 00 00 00 00 00 00 00 00 00 00 00 00 00 00 00 00 00
1724866,A,0,859,280,2.80,255,a0 10 00 04 03 5b 01 18 06 ff ff 00 06 09 01 55 23 ae 0b 30 00 35 00 00 00 00 00 00 00 00 00 00 00 00 00 00 00 00 00 00 00 00 00 00 00 00 00 00 00 00 00 00 00 00 00 00 00 00 00 00 00 00 00 00
1891987,A,0,1006,299,2.99,255,a0 10 00 04 03 ee 01 2b 08 01 ff 00 06 09 01 55 22 20 0b 30 00 36 00 00 00 00 00 00 00 00 00 00 00 00 00 00 00 00 00 00 00 00 00 00 00 00 00 00 00 00 00 00 00 00 00 00 00 00 00 00 00 00 00 00
1907987,A,0,1195,315,3.15,255,a0 10 00 04 04 ab 01 3b 04 01 ff 00 06 09 01 55 20 21 0b 30 00 36 00 01 00 00 00 00 00 00 00 00 00 00 00 00 00 00 00 00 00 00 00 00 00 00 00 00 00 00 00 00 00 00 00 00 00 00 00 00 00 00 00 00
1920987,A,0,1246,319,3.19,255,a0 10 00 04 04 de 01 3f 08 01 ff 00 06 09 01 55 1f 98 0b 30 00 36 00 02 00 00 00 00 00 00 00 00 00 00 00 00 00 00 00 00 00 00 00 00 00 00 00 00 00 00 00 00 00 00 00 00 00 00 00 00 00 00 00 00
1934991,A,0,1261,321,3.21,255,a0 10 00 04 04 ed 01 41 00 01 ff 00 06 09 01 55 1f 6f 0b 30 00 36 00 03 00 00 00 00 00 00 00 00 00 00 00 00 00 00 00 00 00 00 00 00 00 00 00 00 00 00 00 00 00 00 00 00 00 00 00 00 00 00 00 00
2162010,A,0,1352,329,3.29,255,a0 10 00 04 05 48 01 49 08 01 ff 00 06 09 01 55 1e 79 0b 30 00 36 00 12 00 00 00 00 00 00 00 00 00 00 00 00 00 00 00 00 00 00 00 00 00 00 00 00 00 00 00 00 00 00 00 00 00 00 00 00 00 00 00 00
2178007,A,0,1576,341,3.41,255,a0 10 00 04 06 28 01 55 00 01 ff 00 06 09 01 55 1c 1b 0b 30 00 3e 00 13 00 00 00 00 00 00 00 00 00 00 00 00 00 00 00 00 00 00 00 00 00 00 00 00 00 00 00 00 00 00 00 00 00 00 00 00 00 00 00 00
4352016,A,0,1367,330,3.30,255,a0 10 00 04 05 57 01 4a 0b ff ff 00 06 09 01 55 1e a1 0b 30 00 46 00 00 00 00 00 00 00 00 00 00 00 00 00 00 00 00 00 00 00 00 00 00 00 00 00 00 00 00 00 00 00 00 00 00 00 00 00 00 00 00 00 00
4394018,A,0,935,301,3.01,255,a0 10 00 04 03 a7 01 2d 1d ff ff 00 06 09 01 55 24 9c 0b 30 00 46 00 00 00 00 00 00 00 00 00 00 00 00 00 00 00 00 00 00 00 00 00 00 00 00 00 00 00 00 00 00 00 00 00 00 00 00 00 00 00 00 00 00
4424012,A,0,606,272,2.72,255,a0 10 00 04 02 5e 01 10 1d ff ff 00 06 09 01 55 27 43 0b 30 00 46 00 00 00 00 00 00 00 00 00 00 00 00 00 00 00 00 00 00 00 00 00 00 00 00 00 00 00 00 00 00 00 00 00 00 00 00 00 00 00 00 00 00
4454029,A,0,467,243,2.43,255,a0 10 00 04 01 d3 00 f3 1d ff ff 00 06 09 01 55 28 03 0b 30 00 46 00 00 00 00 00 00 00 00 00 00 00 00 00 00 00 00 00 00 00 00 00 00 00 00 00 00 00 00 00 00 00 00 00 00 00 00 00 00 00 00 00 00
4485021,A,0,447,214,2.14,255,a0 10 00 04 01 bf 00 d6 1d ff ff 00 06 09 01 55 28 07 0b 30 00 46 00 00 00 00 00 00 00 00 00 00 00 00 00 00 00 00 00 00 00 00 00 00 00 00 00 00 00 00 00 00 00 00 00 00 00 00 00 00 00 00 00 00
4515017,A,0,446,203,2.03,255,a0 10 00 04 01 be 00 cb 0b ff ff 00 06 09 01 55 28 0f 0b 30 00 46 00 00 00 00 00 00 00 00 00 00 00 00 00 00 00 00 00 00 00 00 00 00 00 00 00 00 00 00 00 00 00 00 00 00 00 00 00 00 00 00 00 00
4544020,A,0,321,174,1.74,255,a0 10 00 04 01 41 00 ae 1d ff ff 00 06 09 01 55 29 90 0b 30 00 46 00 00 00 00 00 00 00 00 00 00 00 00 00 00 00 00 00 00 00 00 00 00 00 00 00 00 00 00 00 00 00 00 00 00 00 00 00 00 00 00 00 00
4574018,A,0,94,145,1.45,255,a0 10 00 04 00 5e 00 91 1d ff ff 00 06 09 01 55 2b ec 0b 30 00 46 00 00 00 00 00 00 00 00 00 00 00 00 00 00 00 00 00 00 00 00 00 00 00 00 00 00 00 00 00 00 00 00 00 00 00 00 00 00 00 00 00 00
4604016,A,0,0,0,0.00,255,a0 10 00 04 00 00 00 00 dd ff ff 00 06 09 01 55 2c d3 0b 30 00 00 00 00 00 00 00 00 00 00 00 00 00 00 00 00 00 00 00 00 00 00 00 00 00 00 00 00 00 00 00 00 00 00 00 00 00 00 00 00 00 00 00 00
5700028,A,0,17,16,0.16,255,a0 10 00 04 00 11 00 10 2a 01 ff 00 06 09 01 55 2c 93 0b 30 00 0f 00 00 00 00 00 00 00 00 00 00 00 00 00 00 00 00 00 00 00 00 00 00 00 00 00 00 00 00 00 00 00 00 00 00 00 00 00 00 00 00 00 00
5715027,A,0,42,35,0.35,255,a0 10 00 04 00 2a 00 23 17 01 ff 00 06 09 01 55 2c 4f 0b 30 00 0f 00 00 00 00 00 00 00 00 00 00 00 00 00 00 00 00 00 00 00 00 00 00 00 00 00 00 00 00 00 00 00 00 00 00 00 00 00 00 00 00 00 00
5732033,A,0,130,88,0.88,255,a0 10 00 04 00 82 00 58 0a 01 ff 00 06 09 01 55 2b 60 0b 30 00 29 00 00 00 00 00 00 00 00 00 00 00 00 00 00 00 00 00 00 00 00 00 00 00 00 00 00 00 00 00 00 00 00 00 00 00 00 00 00 00 00 00 00
5748033,A,0,328,170,1.70,255,a0 10 00 04 01 48 00 aa 02 01 ff 00 06 09 01 55 29 4a 0b 30 00 3a 00 00 00 00 00 00 00 00 00 00 00 00 00 00 00 00 00 00 00 00 00 00 00 00 00 00 00 00 00 00 00 00 00 00 00 00 00 00 00 00 00 00
5763025,A,0,472,208,2.08,255,a0 10 00 04 01 d8 00 d0 00 01 ff 00 06 09 01 55 27 c4 0b 30 00 3a 00 00 00 00 00 00 00 00 00 00 00 00 00 00 00 00 00 00 00 00 00 00 00 00 00 00 00 00 00 00 00 00 00 00 00 00 00 00 00 00 00 00
5777027,A,0,550,226,2.26,255,a0 10 00 04 02 26 00 e2 08 01 ff 00 06 09 01 55 26 f0 0b 30 00 3a 00 00 00 00 00 00 00 00 00 00 00 00 00 00 00 00 00 00 00 00 00 00 00 00 00 00 00 00 00 00 00 00 00 00 00 00 00 00 00 00 00 00
5790033,A,0,568,230,2.30,255,a0 10 00 04 02 38 00 e6 02 01 ff 00 06 09 01 55 26 bf 0b 30 00 3a 00 00 00 00 00 00 00 00 00 00 00 00 00 00 00 00 00 00 00 00 00 00 00 00 00 00 00 00 00 00 00 00 00 00 00 00 00 00 00 00 00 00
5866083,A,0,521,220,2.20,255,a0 10 00 04 02 09 00 dc 0a ff ff 00 06 09 01 55 27 51 0b 30 00 3a 00 00 00 00 00 00 00 00 00 00 00 00 00 00 00 00 00 00 00 00 00 00 00 00 00 00 00 00 00 00 00 00 00 00 00 00 00 00 00 00 00 00
5896030,A,0,444,202,2.02,255,a0 10 00 04 01 bc 00 ca 08 ff ff 00 06 09 01 55 28 10 0b 30 00 3a 00 00 00 00 00 00 00 00 00 00 00 00 00 00 00 00 00 00 00 00 00 00 00 00 00 00 00 00 00 00 00 00 00 00 00 00 00 00 00 00 00 00
5911030,A,0,393,189,1.89,255,a0 10 00 04 01 89 00 bd 01 ff ff 00 06 09 01 55 28 98 0b 30 00 3a 00 00 00 00 00 00 00 00 00 00 00 00 00 00 00 00 00 00 00 00 00 00 00 00 00 00 00 00 00 00 00 00 00 00 00 00 00 00 00 00 00 00
5926026,A,0,342,174,1.74,255,a0 10 00 04 01 56 00 ae 06 ff ff 00 06 09 01 55 29 24 0b 30 00 3a 00 00 00 00 00 00 00 00 00 00 00 00 00 00 00 00 00 00 00 00 00 00 00 00 00 00 00 00 00 00 00 00 00 00 00 00 00 00 00 00 00 00
5940034,A,0,308,163,1.63,255,a0 10 00 04 01 34 00 a3 07 ff ff 00 06 09 01 55 29 80 0b 30 00 3a 00 00 00 00 00 00 00 00 00 00 00 00 00 00 00 00 00 00 00 00 00 00 00 00 00 00 00 00 00 00 00 00 00 00 00 00 00 00 00 00 00 00
5955040,A,0,286,156,1.56,255,a0 10 00 04 01 1e 00 9c 04 ff ff 00 06 09 01 55 29 ba 0b 30 00 3a 00 00 00 00 00 00 00 00 00 00 00 00 00 00 00 00 00 00 00 00 00 00 00 00 00 00 00 00 00 00 00 00 00 00 00 00 00 00 00 00 00 00
5970047,A,0,267,148,1.48,255,a0 10 00 04 01 0b 00 94 02 ff ff 00 06 09 01 55 29 ef 0b 30 00 3a 00 00 00 00 00 00 00 00 00 00 00 00 00 00 00 00 00 00 00 00 00 00 00 00 00 00 00 00 00 00 00 00 00 00 00 00 00 00 00 00 00 00
5985114,A,0,240,139,1.39,255,a0 10 00 04 00 f0 00 8b 01 ff ff 00 06 09 01 55 2a 36 0b 30 00 3a 00 00 00 00 00 00 00 00 00 00 00 00 00 00 00 00 00 00 00 00 00 00 00 00 00 00 00 00 00 00 00 00 00 00 00 00 00 00 00 00 00 00
6000063,A,0,230,135,1.35,255,a0 10 00 04 00 e6 00 87 05 ff ff 00 06 09 01 55 2a 52 0b 30 00 3a 00 00 00 00 00 00 00 00 00 00 00 00 00 00 00 00 00 00 00 00 00 00 00 00 00 00 00 00 00 00 00 00 00 00 00 00 00 00 00 00 00 00
6180161,A,0,272,149,1.49,255,a0 10 00 04 01 10 00 95 04 01 ff 00 06 09 01 55 29 e1 0b 30 00 3a 00 00 00 00 00 00 00 00 00 00 00 00 00 00 00 00 00 00 00 00 00 00 00 00 00 00 00 00 00 00 00 00 00 00 00 00 00 00 00 00 00 00
6195036,A,0,289,155,1.55,255,a0 10 00 04 01 21 00 9b 00 01 ff 00 06 09 01 55 29 b3 0b 30 00 3a 00 00 00 00 00 00 00 00 00 00 00 00 00 00 00 00 00 00 00 00 00 00 00 00 00 00 00 00 00 00 00 00 00 00 00 00 00 00 00 00 00 00
6209033,A,0,297,159,1.59,255,a0 10 00 04 01 29 00 9f 04 01 ff 00 06 09 01 55 29 9d 0b 30 00 3a 00 00 00 00 00 00 00 00 00 00 00 00 00 00 00 00 00 00 00 00 00 00 00 00 00 00 00 00 00 00 00 00 00 00 00 00 00 00 00 00 00 00
6270034,A,0,311,163,1.63,255,a0 10 00 04 01 37 00 a3 08 01 ff 00 06 09 01 55 29 76 0b 30 00 3a 00 00 00 00 00 00 00 00 00 00 00 00 00 00 00 00 00 00 00 00 00 00 00 00 00 00 00 00 00 00 00 00 00 00 00 00 00 00 00 00 00 00
6285031,A,0,329,169,1.69,255,a0 10 00 04 01 49 00 a9 04 01 ff 00 06 09 01 55 29 47 0b 30 00 3a 00 00 00 00 00 00 00 00 00 00 00 00 00 00 00 00 00 00 00 00 00 00 00 00 00 00 00 00 00 00 00 00 00 00 00 00 00 00 00 00 00 00
6300031,A,0,331,171,1.71,255,a0 10 00 04 01 4b 00 ab 06 01 ff 00 06 09 01 55 29 40 0b 30 00 3a 00 00 00 00 00 00 00 00 00 00 00 00 00 00 00 00 00 00 00 00 00 00 00 00 00 00 00 00 00 00 00 00 00 00 00 00 00 00 00 00 00 00
6315034,A,0,332,170,1.70,255,a0 10 00 04 01 4c 00 aa 05 01 ff 00 06 09 01 55 29 3e 0b 30 00 3a 00 00 00 00 00 00 00 00 00 00 00 00 00 00 00 00 00 00 00 00 00 00 00 00 00 00 00 00 00 00 00 00 00 00 00 00 00 00 00 00 00 00
6330034,A,0,334,172,1.72,255,a0 10 00 04 01 4e 00 ac 07 01 ff 00 06 09 01 55 29 3a 0b 30 00 3a 00 00 00 00 00 00 00 00 00 00 00 00 00 00 00 00 00 00 00 00 00 00 00 00 00 00 00 00 00 00 00 00 00 00 00 00 00 00 00 00 00 00
6345030,A,0,358,178,1.78,255,a0 10 00 04 01 66 00 b2 02 01 ff 00 06 09 01 55 28 f9 0b 30 00 3a 00 00 00 00 00 00 00 00 00 00 00 00 00 00 00 00 00 00 00 00 00 00 00 00 00 00 00 00 00 00 00 00 00 00 00 00 00 00 00 00 00 00
6360038,A,0,398,190,1.90,255,a0 10 00 04 01 8e 00 be 04 01 ff 00 06 09 01 55 28 8d 0b 30 00 3a 00 00 00 00 00 00 00 00 00 00 00 00 00 00 00 00 00 00 00 00 00 00 00 00 00 00 00 00 00 00 00 00 00 00 00 00 00 00 00 00 00 00
6375032,A,0,411,194,1.94,255,a0 10 00 04 01 9b 00 c2 06 01 ff 00 06 09 01 55 28 68 0b 30 00 3a 00 00 00 00 00 00 00 00 00 00 00 00 00 00 00 00 00 00 00 00 00 00 00 00 00 00 00 00 00 00 00 00 00 00 00 00 00 00 00 00 00 00
6390040,A,0,415,194,1.94,255,a0 10 00 04 01 9f 00 c2 08 01 ff 00 06 09 01 55 28 5f 0b 30 00 3a 00 00 00 00 00 00 00 00 00 00 00 00 00 00 00 00 00 00 00 00 00 00 00 00 00 00 00 00 00 00 00 00 00 00 00 00 00 00 00 00 00 00
6420035,A,0,424,196,1.96,255,a0 10 00 04 01 a8 00 c4 00 01 ff 00 06 09 01 55 28 46 0b 30 00 3a 00 00 00 00 00 00 00 00 00 00 00 00 00 00 00 00 00 00 00 00 00 00 00 00 00 00 00 00 00 00 00 00 00 00 00 00 00 00 00 00 00 00
6435030,A,0,443,202,2.02,255,a0 10 00 04 01 bb 00 ca 06 01 ff 00 06 09 01 55 28 12 0b 30 00 3a 00 00 00 00 00 00 00 00 00 00 00 00 00 00 00 00 00 00 00 00 00 00 00 00 00 00 00 00 00 00 00 00 00 00 00 00 00 00 00 00 00 00
6450032,A,0,451,204,2.04,255,a0 10 00 04 01 c3 00 cc 08 01 ff 00 06 09 01 55 27 fc 0b 30 00 3a 00 00 00 00 00 00 00 00 00 00 00 00 00 00 00 00 00 00 00 00 00 00 00 00 00 00 00 00 00 00 00 00 00 00 00 00 00 00 00 00 00 00
6645163,A,0,414,194,1.94,255,a0 10 00 04 01 9e 00 c2 0a ff ff 00 06 09 01 55 28 65 0b 30 00 3a 00 00 00 00 00 00 00 00 00 00 00 00 00 00 00 00 00 00 00 00 00 00 00 00 00 00 00 00 00 00 00 00 00 00 00 00 00 00 00 00 00 00
6675039,A,0,372,183,1.83,255,a0 10 00 04 01 74 00 b7 01 ff ff 00 06 09 01 55 28 d3 0b 30 00 3a 00 00 00 00 00 00 00 00 00 00 00 00 00 00 00 00 00 00 00 00 00 00 00 00 00 00 00 00 00 00 00 00 00 00 00 00 00 00 00 00 00 00
6690041,A,0,369,182,1.82,255,a0 10 00 04 01 71 00 b6 02 ff ff 00 06 09 01 55 28 da 0b 30 00 3a 00 00 00 00 00 00 00 00 00 00 00 00 00 00 00 00 00 00 00 00 00 00 00 00 00 00 00 00 00 00 00 00 00 00 00 00 00 00 00 00 00 00
6751041,A,0,430,198,1.98,255,a0 10 00 04 01 ae 00 c6 06 01 ff 00 06 09 01 55 28 35 0b 30 00 3a 00 00 00 00 00 00 00 00 00 00 00 00 00 00 00 00 00 00 00 00 00 00 00 00 00 00 00 00 00 00 00 00 00 00 00 00 00 00 00 00 00 00
6766079,A,0,496,214,2.14,255,a0 10 00 04 01 f0 00 d6 02 01 ff 00 06 09 01 55 27 83 0b 30 00 3a 00 00 00 00 00 00 00 00 00 00 00 00 00 00 00 00 00 00 00 00 00 00 00 00 00 00 00 00 00 00 00 00 00 00 00 00 00 00 00 00 00 00
6780039,A,0,536,222,2.22,255,a0 10 00 04 02 18 00 de 00 01 ff 00 06 09 01 55 27 17 0b 30 00 3a 00 00 00 00 00 00 00 00 00 00 00 00 00 00 00 00 00 00 00 00 00 00 00 00 00 00 00 00 00 00 00 00 00 00 00 00 00 00 00 00 00 00
6795035,A,0,545,224,2.24,255,a0 10 00 04 02 21 00 e0 02 01 ff 00 06 09 01 55 26 ff 0b 30 00 3a 00 00 00 00 00 00 00 00 00 00 00 00 00 00 00 00 00 00 00 00 00 00 00 00 00 00 00 00 00 00 00 00 00 00 00 00 00 00 00 00 00 00
6810038,A,0,546,225,2.25,255,a0 10 00 04 02 22 00 e1 04 01 ff 00 06 09 01 55 26 fc 0b 30 00 3a 00 00 00 00 00 00 00 00 00 00 00 00 00 00 00 00 00 00 00 00 00 00 00 00 00 00 00 00 00 00 00 00 00 00 00 00 00 00 00 00 00 00
6825037,A,0,546,225,2.25,255,a0 10 00 04 02 22 00 e1 03 01 ff 00 06 09 01 55 26 fb 0b 30 00 3a 00 00 00 00 00 00 00 00 00 00 00 00 00 00 00 00 00 00 00 00 00 00 00 00 00 00 00 00 00 00 00 00 00 00 00 00 00 00 00 00 00 00
6840038,A,0,574,231,2.31,255,a0 10 00 04 02 3e 00 e7 09 01 ff 00 06 09 01 55 26 af 0b 30 00 3a 00 00 00 00 00 00 00 00 00 00 00 00 00 00 00 00 00 00 00 00 00 00 00 00 00 00 00 00 00 00 00 00 00 00 00 00 00 00 00 00 00 00
6856033,A,0,647,245,2.45,255,a0 10 00 04 02 87 00 f5 02 01 ff 00 06 09 01 55 25 ea 0b 30 00 3a 00 00 00 00 00 00 00 00 00 00 00 00 00 00 00 00 00 00 00 00 00 00 00 00 00 00 00 00 00 00 00 00 00 00 00 00 00 00 00 00 00 00
6871040,A,0,713,257,2.57,255,a0 10 00 04 02 c9 01 01 04 01 ff 00 06 09 01 55 25 39 0b 30 00 3a 00 00 00 00 00 00 00 00 00 00 00 00 00 00 00 00 00 00 00 00 00 00 00 00 00 00 00 00 00 00 00 00 00 00 00 00 00 00 00 00 00 00
6885035,A,0,758,263,2.63,255,a0 10 00 04 02 f6 01 07 00 01 ff 00 06 09 01 55 24 be 0b 30 00 3a 00 00 00 00 00 00 00 00 00 00 00 00 00 00 00 00 00 00 00 00 00 00 00 00 00 00 00 00 00 00 00 00 00 00 00 00 00 00 00 00 00 00
6900074,A,0,795,271,2.71,255,a0 10 00 04 03 1b 01 0f 06 01 ff 00 06 09 01 55 24 5a 0b 30 00 3a 00 00 00 00 00 00 00 00 00 00 00 00 00 00 00 00 00 00 00 00 00 00 00 00 00 00 00 00 00 00 00 00 00 00 00 00 00 00 00 00 00 00
6915034,A,0,826,275,2.75,255,a0 10 00 04 03 3a 01 13 02 01 ff 00 06 09 01 55 24 07 0b 30 00 3a 00 00 00 00 00 00 00 00 00 00 00 00 00 00 00 00 00 00 00 00 00 00 00 00 00 00 00 00 00 00 00 00 00 00 00 00 00 00 00 00 00 00
6930038,A,0,837,277,2.77,255,a0 10 00 04 03 45 01 15 04 01 ff 00 06 09 01 55 23 ea 0b 30 00 3a 00 00 00 00 00 00 00 00 00 00 00 00 00 00 00 00 00 00 00 00 00 00 00 00 00 00 00 00 00 00 00 00 00 00 00 00 00 00 00 00 00 00
7140056,A,0,872,282,2.82,255,a0 10 00 04 03 68 01 1a 09 01 ff 00 06 09 01 55 23 8b 0b 30 00 3a 00 00 00 00 00 00 00 00 00 00 00 00 00 00 00 00 00 00 00 00 00 00 00 00 00 00 00 00 00 00 00 00 00 00 00 00 00 00 00 00 00 00
7155045,A,0,894,284,2.84,255,a0 10 00 04 03 7e 01 1c 00 01 ff 00 06 09 01 55 23 50 0b 30 00 3a 00 00 00 00 00 00 00 00 00 00 00 00 00 00 00 00 00 00 00 00 00 00 00 00 00 00 00 00 00 00 00 00 00 00 00 00 00 00 00 00 00 00
7230045,A,0,903,286,2.86,255,a0 10 00 04 03 87 01 1e 02 01 ff 00 06 09 01 55 23 36 0b 30 00 3a 00 00 00 00 00 00 00 00 00 00 00 00 00 00 00 00 00 00 00 00 00 00 00 00 00 00 00 00 00 00 00 00 00 00 00 00 00 00 00 00 00 00
7245044,A,0,913,288,2.88,255,a0 10 00 04 03 91 01 20 04 01 ff 00 06 09 01 55 23 1b 0b 30 00 3a 00 00 00 00 00 00 00 00 00 00 00 00 00 00 00 00 00 00 00 00 00 00 00 00 00 00 00 00 00 00 00 00 00 00 00 00 00 00 00 00 00 00
7305044,A,0,931,290,2.90,255,a0 10 00 04 03 a3 01 22 06 01 ff 00 06 09 01 55 22 ea 0b 30 00 3a 00 00 00 00 00 00 00 00 00 00 00 00 00 00 00 00 00 00 00 00 00 00 00 00 00 00 00 00 00 00 00 00 00 00 00 00 00 00 00 00 00 00
7320050,A,0,954,292,2.92,255,a0 10 00 04 03 ba 01 24 08 01 ff 00 06 09 01 55 22 ad 0b 30 00 3a 00 00 00 00 00 00 00 00 00 00 00 00 00 00 00 00 00 00 00 00 00 00 00 00 00 00 00 00 00 00 00 00 00 00 00 00 00 00 00 00 00 00
7335044,A,0,976,294,2.94,255,a0 10 00 04 03 d0 01 26 00 01 ff 00 06 09 01 55 22 71 0b 30 00 3a 00 00 00 00 00 00 00 00 00 00 00 00 00 00 00 00 00 00 00 00 00 00 00 00 00 00 00 00 00 00 00 00 00 00 00 00 00 00 00 00 00 00
7350042,A,0,981,296,2.96,255,a0 10 00 04 03 d5 01 28 02 01 ff 00 06 09 01 55 22 65 0b 30 00 3a 00 00 00 00 00 00 00 00 00 00 00 00 00 00 00 00 00 00 00 00 00 00 00 00 00 00 00 00 00 00 00 00 00 00 00 00 00 00 00 00 00 00
7395040,A,0,1012,298,2.98,255,a0 10 00 04 03 f4 01 2a 04 01 ff 00 06 09 01 55 22 0f 0b 30 00 3a 00 00 00 00 00 00 00 00 00 00 00 00 00 00 00 00 00 00 00 00 00 00 00 00 00 00 00 00 00 00 00 00 00 00 00 00 00 00 00 00 00 00
7410042,A,0,1046,302,3.02,255,a0 10 00 04 04 16 01 2e 08 01 ff 00 06 09 01 55 21 b4 0b 30 00 3a 00 01 00 00 00 00 00 00 00 00 00 00 00 00 00 00 00 00 00 00 00 00 00 00 00 00 00 00 00 00 00 00 00 00 00 00 00 00 00 00 00 00
7755077,A,0,1090,304,3.04,255,a0 10 00 04 04 42 01 30 00 01 ff 00 06 09 01 55 21 3d 0b 30 00 3a 00 18 00 00 00 00 00 00 00 00 00 00 00 00 00 00 00 00 00 00 00 00 00 00 00 00 00 00 00 00 00 00 00 00 00 00 00 00 00 00 00 00
7815062,A,0,1096,305,3.05,255,a0 10 00 04 04 48 01 31 01 01 ff 00 06 09 01 55 21 2e 0b 30 00 3a 00 1c 00 00 00 00 00 00 00 00 00 00 00 00 00 00 00 00 00 00 00 00 00 00 00 00 00 00 00 00 00 00 00 00 00 00 00 00 00 00 00 00
7830056,A,0,1111,307,3.07,255,a0 10 00 04 04 57 01 33 03 01 ff 00 06 09 01 55 21 05 0b 30 00 3a 00 1d 00 00 00 00 00 00 00 00 00 00 00 00 00 00 00 00 00 00 00 00 00 00 00 00 00 00 00 00 00 00 00 00 00 00 00 00 00 00 00 00
7845050,A,0,1139,309,3.09,255,a0 10 00 04 04 73 01 35 05 01 ff 00 06 09 01 55 20 b9 0b 30 00 3a 00 1e 00 00 00 00 00 00 00 00 00 00 00 00 00 00 00 00 00 00 00 00 00 00 00 00 00 00 00 00 00 00 00 00 00 00 00 00 00 00 00 00
7860068,A,0,1164,311,3.11,255,a0 10 00 04 04 8c 01 37 07 01 ff 00 06 09 01 55 20 74 0b 30 00 3a 00 1f 00 00 00 00 00 00 00 00 00 00 00 00 00 00 00 00 00 00 00 00 00 00 00 00 00 00 00 00 00 00 00 00 00 00 00 00 00 00 00 00
7875070,A,0,1181,313,3.13,255,a0 10 00 04 04 9d 01 39 09 01 ff 00 06 09 01 55 20 48 0b 30 00 3a 00 20 00 00 00 00 00 00 00 00 00 00 00 00 00 00 00 00 00 00 00 00 00 00 00 00 00 00 00 00 00 00 00 00 00 00 00 00 00 00 00 00
7890073,A,0,1196,315,3.15,255,a0 10 00 04 04 ac 01 3b 00 01 ff 00 06 09 01 55 20 20 0b 30 00 3a 00 21 00 00 00 00 00 00 00 00 00 00 00 00 00 00 00 00 00 00 00 00 00 00 00 00 00 00 00 00 00 00 00 00 00 00 00 00 00 00 00 00
7905057,A,0,1225,317,3.17,255,a0 10 00 04 04 c9 01 3d 02 01 ff 00 06 09 01 55 1f d1 0b 30 00 3a 00 22 00 00 00 00 00 00 00 00 00 00 00 00 00 00 00 00 00 00 00 00 00 00 00 00 00 00 00 00 00 00 00 00 00 00 00 00 00 00 00 00
7921047,A,0,1285,323,3.23,255,a0 10 00 04 05 05 01 43 08 01 ff 00 06 09 01 55 1f 2f 0b 30 00 3a 00 23 00 00 00 00 00 00 00 00 00 00 00 00 00 00 00 00 00 00 00 00 00 00 00 00 00 00 00 00 00 00 00 00 00 00 00 00 00 00 00 00
7936051,A,0,1330,327,3.27,255,a0 10 00 04 05 32 01 47 02 01 ff 00 06 09 01 55 1e b5 0b 30 00 3a 00 24 00 00 00 00 00 00 00 00 00 00 00 00 00 00 00 00 00 00 00 00 00 00 00 00 00 00 00 00 00 00 00 00 00 00 00 00 00 00 00 00
8010182,A,0,1348,328,3.28,255,a0 10 00 04 05 44 01 48 03 01 ff 00 06 09 01 55 1e 84 0b 30 00 3a 00 29 00 00 00 00 00 00 00 00 00 00 00 00 00 00 00 00 00 00 00 00 00 00 00 00 00 00 00 00 00 00 00 00 00 00 00 00 00 00 00 00
8025180,A,0,1381,330,3.30,255,a0 10 00 04 05 65 01 4a 05 01 ff 00 06 09 01 55 1e 2a 0b 30 00 3a 00 2a 00 00 00 00 00 00 00 00 00 00 00 00 00 00 00 00 00 00 00 00 00 00 00 00 00 00 00 00 00 00 00 00 00 00 00 00 00 00 00 00
8040177,A,0,1405,332,3.32,255,a0 10 00 04 05 7d 01 4c 00 01 ff 00 06 09 01 55 1d ea 0b 30 00 3a 00 2b 00 00 00 00 00 00 00 00 00 00 00 00 00 00 00 00 00 00 00 00 00 00 00 00 00 00 00 00 00 00 00 00 00 00 00 00 00 00 00 00
8070054,A,0,1431,334,3.34,255,a0 10 00 04 05 97 01 4e 00 01 ff 00 06 09 01 55 1d a3 0b 30 00 3a 00 2d 00 00 00 00 00 00 00 00 00 00 00 00 00 00 00 00 00 00 00 00 00 00 00 00 00 00 00 00 00 00 00 00 00 00 00 00 00 00 00 00
8088176,A,0,1570,341,3.41,255,a0 10 00 04 06 22 01 55 00 01 ff 00 06 09 01 55 1c 2d 0b 30 00 3a 00 2e 00 00 00 00 00 00 00 00 00 00 00 00 00 00 00 00 00 00 00 00 00 00 00 00 00 00 00 00 00 00 00 00 00 00 00 00 00 00 00 00
10155081,A,0,1366,330,3.30,255,a0 10 00 04 05 56 01 4a 0a ff ff 00 06 09 01 55 23 42 0b 30 00 5f 00 00 00 00 00 00 00 00 00 00 00 00 00 00 00 00 00 00 00 00 00 00 00 00 00 00 00 00 00 00 00 00 00 00 00 00 00 00 00 00 00 00
10184196,A,0,136,301,3.01,255,a0 10 00 04 00 88 01 2d 1d ff ff 00 06 09 01 55 2c c8 0b 30 00 5f 00 00 00 00 00 00 00 00 00 00 00 00 00 00 00 00 00 00 00 00 00 00 00 00 00 00 00 00 00 00 00 00 00 00 00 00 00 00 00 00 00 00
10214199,A,0,0,0,0.00,255,a0 10 00 04 00 00 00 00 dd ff ff 00 06 09 01 55 2c e3 0b 30 00 00 00 00 00 00 00 00 00 00 00 00 00 00 00 00 00 00 00 00 00 00 00 00 00 00 00 00 00 00 00 00 00 00 00 00 00 00 00 00 00 00 00 00
11325092,D,0,33,29,0.29,255,a0 10 00 07 00 21 00 1d 1d 01 ff 00 07 03 01 55 2b ed 0b 13 00 11 00 00 00 00 00 00 00 00 00 00 00 00 00 00 00 00 00 00 00 00 00 00 00 00 00 00 00 00 00 00 00 00 00 00 00 00 00 00 00 00 00 00
11340094,D,0,84,63,0.63,255,a0 10 00 07 00 54 00 3f 02 01 ff 00 07 03 01 55 2b 5a 0b 13 00 1b 00 00 00 00 00 00 00 00 00 00 00 00 00 00 00 00 00 00 00 00 00 00 00 00 00 00 00 00 00 00 00 00 00 00 00 00 00 00 00 00 00 00
11356085,D,0,144,95,0.95,255,a0 10 00 07 00 90 00 5f 04 01 ff 00 07 03 01 55 2a ad 0b 13 00 21 00 00 00 00 00 00 00 00 00 00 00 00 00 00 00 00 00 00 00 00 00 00 00 00 00 00 00 00 00 00 00 00 00 00 00 00 00 00 00 00 00 00
11372082,D,0,249,141,1.41,255,a0 10 00 07 00 f9 00 8d 00 01 ff 00 07 03 01 55 29 80 0b 13 00 28 00 00 00 00 00 00 00 00 00 00 00 00 00 00 00 00 00 00 00 00 00 00 00 00 00 00 00 00 00 00 00 00 00 00 00 00 00 00 00 00 00 00
11388209,D,0,399,189,1.89,255,a0 10 00 07 01 8f 00 bd 08 01 ff 00 07 03 01 55 27 cf 0b 13 00 30 00 00 00 00 00 00 00 00 00 00 00 00 00 00 00 00 00 00 00 00 00 00 00 00 00 00 00 00 00 00 00 00 00 00 00 00 00 00 00 00 00 00
11403093,D,0,564,229,2.29,255,a0 10 00 07 02 34 00 e5 08 01 ff 00 07 03 01 55 25 f2 0b 13 00 34 00 00 00 00 00 00 00 00 00 00 00 00 00 00 00 00 00 00 00 00 00 00 00 00 00 00 00 00 00 00 00 00 00 00 00 00 00 00 00 00 00 00
11416122,D,0,623,241,2.41,255,a0 10 00 07 02 6f 00 f1 00 01 ff 00 07 03 01 55 25 48 0b 13 00 34 00 00 00 00 00 00 00 00 00 00 00 00 00 00 00 00 00 00 00 00 00 00 00 00 00 00 00 00 00 00 00 00 00 00 00 00 00 00 00 00 00 00
11491128,D,0,686,253,2.53,255,a0 10 00 07 02 ae 00 fd 02 01 ff 00 07 03 01 55 24 95 0b 13 00 34 00 00 00 00 00 00 00 00 00 00 00 00 00 00 00 00 00 00 00 00 00 00 00 00 00 00 00 00 00 00 00 00 00 00 00 00 00 00 00 00 00 00
11508096,D,0,946,291,2.91,255,a0 10 00 07 03 b2 01 23 00 01 ff 00 07 03 01 55 21 a5 0b 13 00 3f 00 00 00 00 00 00 00 00 00 00 00 00 00 00 00 00 00 00 00 00 00 00 00 00 00 00 00 00 00 00 00 00 00 00 00 00 00 00 00 00 00 00
11524086,D,0,1175,313,3.13,255,a0 10 00 07 04 97 01 39 02 01 ff 00 07 03 01 55 1f 13 0b 13 00 3f 00 01 00 00 00 00 00 00 00 00 00 00 00 00 00 00 00 00 00 00 00 00 00 00 00 00 00 00 00 00 00 00 00 00 00 00 00 00 00 00 00 00
11538092,D,0,1271,321,3.21,255,a0 10 00 07 04 f7 01 41 00 01 ff 00 07 03 01 55 1d fe 0b 13 00 3f 00 02 00 00 00 00 00 00 00 00 00 00 00 00 00 00 00 00 00 00 00 00 00 00 00 00 00 00 00 00 00 00 00 00 00 00 00 00 00 00 00 00
11581217,D,0,1161,311,3.11,255,a0 10 00 07 04 89 01 37 0a ff ff 00 07 03 01 55 1f 83 0b 13 00 3f 00 00 00 00 00 00 00 00 00 00 00 00 00 00 00 00 00 00 00 00 00 00 00 00 00 00 00 00 00 00 00 00 00 00 00 00 00 00 00 00 00 00
11610212,D,0,907,287,2.87,255,a0 10 00 07 03 8b 01 1f 04 ff ff 00 07 03 01 55 22 18 0b 13 00 3f 00 00 00 00 00 00 00 00 00 00 00 00 00 00 00 00 00 00 00 00 00 00 00 00 00 00 00 00 00 00 00 00 00 00 00 00 00 00 00 00 00 00
11625211,D,0,897,285,2.85,255,a0 10 00 07 03 81 01 1d 06 ff ff 00 07 03 01 55 22 34 0b 13 00 3f 00 00 00 00 00 00 00 00 00 00 00 00 00 00 00 00 00 00 00 00 00 00 00 00 00 00 00 00 00 00 00 00 00 00 00 00 00 00 00 00 00 00
11658242,D,0,1109,307,3.07,255,a0 10 00 07 04 55 01 33 02 01 ff 00 07 03 01 55 1f d2 0b 13 00 3f 00 01 00 00 00 00 00 00 00 00 00 00 00 00 00 00 00 00 00 00 00 00 00 00 00 00 00 00 00 00 00 00 00 00 00 00 00 00 00 00 00 00
11672211,D,0,1223,317,3.17,255,a0 10 00 07 04 c7 01 3d 02 01 ff 00 07 03 01 55 1e 89 0b 13 00 3f 00 02 00 00 00 00 00 00 00 00 00 00 00 00 00 00 00 00 00 00 00 00 00 00 00 00 00 00 00 00 00 00 00 00 00 00 00 00 00 00 00 00
11715210,D,0,1236,318,3.18,255,a0 10 00 07 04 d4 01 3e 03 01 ff 00 07 03 01 55 1e 64 0b 13 00 3f 00 05 00 00 00 00 00 00 00 00 00 00 00 00 00 00 00 00 00 00 00 00 00 00 00 00 00 00 00 00 00 00 00 00 00 00 00 00 00 00 00 00
11776213,D,0,1127,308,3.08,255,a0 10 00 07 04 67 01 34 0a ff ff 00 07 03 01 55 20 77 0b 13 00 3f 00 00 00 00 00 00 00 00 00 00 00 00 00 00 00 00 00 00 00 00 00 00 00 00 00 00 00 00 00 00 00 00 00 00 00 00 00 00 00 00 00 00
11790220,D,0,909,287,2.87,255,a0 10 00 07 03 8d 01 1f 03 ff ff 00 07 03 01 55 22 11 0b 13 00 3f 00 00 00 00 00 00 00 00 00 00 00 00 00 00 00 00 00 00 00 00 00 00 00 00 00 00 00 00 00 00 00 00 00 00 00 00 00 00 00 00 00 00
11808212,D,0,748,262,2.62,255,a0 10 00 07 02 ec 01 06 08 ff ff 00 07 03 01 55 23 e1 0b 13 00 3f 00 00 00 00 00 00 00 00 00 00 00 00 00 00 00 00 00 00 00 00 00 00 00 00 00 00 00 00 00 00 00 00 00 00 00 00 00 00 00 00 00 00
11822212,D,0,655,247,2.47,255,a0 10 00 07 02 8f 00 f7 03 ff ff 00 07 03 01 55 24 ed 0b 13 00 3f 00 00 00 00 00 00 00 00 00 00 00 00 00 00 00 00 00 00 00 00 00 00 00 00 00 00 00 00 00 00 00 00 00 00 00 00 00 00 00 00 00 00
11836217,D,0,618,240,2.40,255,a0 10 00 07 02 6a 00 f0 00 ff ff 00 07 03 01 55 25 59 0b 13 00 3f 00 00 00 00 00 00 00 00 00 00 00 00 00 00 00 00 00 00 00 00 00 00 00 00 00 00 00 00 00 00 00 00 00 00 00 00 00 00 00 00 00 00
11850217,D,0,614,239,2.39,255,a0 10 00 07 02 66 00 ef 01 ff ff 00 07 03 01 55 25 63 0b 13 00 3f 00 00 00 00 00 00 00 00 00 00 00 00 00 00 00 00 00 00 00 00 00 00 00 00 00 00 00 00 00 00 00 00 00 00 00 00 00 00 00 00 00 00
11928215,D,0,780,267,2.67,255,a0 10 00 07 03 0c 01 0b 08 01 ff 00 07 03 01 55 23 86 0b 13 00 3f 00 00 00 00 00 00 00 00 00 00 00 00 00 00 00 00 00 00 00 00 00 00 00 00 00 00 00 00 00 00 00 00 00 00 00 00 00 00 00 00 00 00
11943214,D,0,1086,305,3.05,255,a0 10 00 07 04 3e 01 31 06 01 ff 00 07 03 01 55 20 14 0b 13 00 43 00 01 00 00 00 00 00 00 00 00 00 00 00 00 00 00 00 00 00 00 00 00 00 00 00 00 00 00 00 00 00 00 00 00 00 00 00 00 00 00 00 00
11958229,D,0,1381,331,3.31,255,a0 10 00 07 05 65 01 4b 00 01 ff 00 07 03 01 55 1c c0 0b 13 00 48 00 02 00 00 00 00 00 00 00 00 00 00 00 00 00 00 00 00 00 00 00 00 00 00 00 00 00 00 00 00 00 00 00 00 00 00 00 00 00 00 00 00
11973213,D,0,1538,341,3.41,255,a0 10 00 07 06 02 01 55 00 01 ff 00 07 03 01 55 1a fd 0b 13 00 48 00 03 00 00 00 00 00 00 00 00 00 00 00 00 00 00 00 00 00 00 00 00 00 00 00 00 00 00 00 00 00 00 00 00 00 00 00 00 00 00 00 00
12015208,D,0,1493,341,3.41,255,a0 10 00 07 05 d5 01 55 03 ff ff 00 07 03 01 55 1b 7d 0b 13 00 48 00 06 00 00 00 00 00 00 00 00 00 00 00 00 00 00 00 00 00 00 00 00 00 00 00 00 00 00 00 00 00 00 00 00 00 00 00 00 00 00 00 00
12030220,D,0,1367,330,3.30,255,a0 10 00 07 05 57 01 4a 0b ff ff 00 07 03 01 55 1e 7a 0b 13 00 48 00 00 00 00 00 00 00 00 00 00 00 00 00 00 00 00 00 00 00 00 00 00 00 00 00 00 00 00 00 00 00 00 00 00 00 00 00 00 00 00 00 00
12059214,D,0,925,301,3.01,255,a0 10 00 07 03 9d 01 2d 1d ff ff 00 07 03 01 55 22 ae 0b 13 00 48 00 00 00 00 00 00 00 00 00 00 00 00 00 00 00 00 00 00 00 00 00 00 00 00 00 00 00 00 00 00 00 00 00 00 00 00 00 00 00 00 00 00
12090218,D,0,752,272,2.72,255,a0 10 00 07 02 f0 01 10 1d ff ff 00 07 03 01 55 23 f6 0b 13 00 48 00 00 00 00 00 00 00 00 00 00 00 00 00 00 00 00 00 00 00 00 00 00 00 00 00 00 00 00 00 00 00 00 00 00 00 00 00 00 00 00 00 00
12120220,D,0,731,260,2.60,255,a0 10 00 07 02 db 01 04 0c ff ff 00 07 03 01 55 24 11 0b 13 00 48 00 00 00 00 00 00 00 00 00 00 00 00 00 00 00 00 00 00 00 00 00 00 00 00 00 00 00 00 00 00 00 00 00 00 00 00 00 00 00 00 00 00
12165218,D,0,698,255,2.55,255,a0 10 00 07 02 ba 00 ff 05 ff ff 00 07 03 01 55 24 72 0b 13 00 48 00 00 00 00 00 00 00 00 00 00 00 00 00 00 00 00 00 00 00 00 00 00 00 00 00 00 00 00 00 00 00 00 00 00 00 00 00 00 00 00 00 00
12180219,D,0,671,250,2.50,255,a0 10 00 07 02 9f 00 fa 0a ff ff 00 07 03 01 55 24 d4 0b 13 00 48 00 00 00 00 00 00 00 00 00 00 00 00 00 00 00 00 00 00 00 00 00 00 00 00 00 00 00 00 00 00 00 00 00 00 00 00 00 00 00 00 00 00
12209215,D,0,587,234,2.34,255,a0 10 00 07 02 4b 00 ea 10 ff ff 00 07 03 01 55 25 d0 0b 13 00 48 00 00 00 00 00 00 00 00 00 00 00 00 00 00 00 00 00 00 00 00 00 00 00 00 00 00 00 00 00 00 00 00 00 00 00 00 00 00 00 00 00 00
12239218,D,0,439,205,2.05,255,a0 10 00 07 01 b7 00 cd 1d ff ff 00 07 03 01 55 27 9a 0b 13 00 48 00 00 00 00 00 00 00 00 00 00 00 00 00 00 00 00 00 00 00 00 00 00 00 00 00 00 00 00 00 00 00 00 00 00 00 00 00 00 00 00 00 00
12269224,D,0,257,176,1.76,255,a0 10 00 07 01 01 00 b0 1d ff ff 00 07 03 01 55 29 90 0b 13 00 48 00 00 00 00 00 00 00 00 00 00 00 00 00 00 00 00 00 00 00 00 00 00 00 00 00 00 00 00 00 00 00 00 00 00 00 00 00 00 00 00 00 00
12300232,D,0,180,147,1.47,255,a0 10 00 07 00 b4 00 93 1d ff ff 00 07 03 01 55 2a 4b 0b 13 00 48 00 00 00 00 00 00 00 00 00 00 00 00 00 00 00 00 00 00 00 00 00 00 00 00 00 00 00 00 00 00 00 00 00 00 00 00 00 00 00 00 00 00
12391234,D,0,251,141,1.41,255,a0 10 00 07 00 fb 00 8d 04 01 ff 00 07 03 01 55 29 79 0b 13 00 48 00 00 00 00 00 00 00 00 00 00 00 00 00 00 00 00 00 00 00 00 00 00 00 00 00 00 00 00 00 00 00 00 00 00 00 00 00 00 00 00 00 00
12406225,D,0,318,165,1.65,255,a0 10 00 07 01 3e 00 a5 08 01 ff 00 07 03 01 55 28 b7 0b 13 00 48 00 00 00 00 00 00 00 00 00 00 00 00 00 00 00 00 00 00 00 00 00 00 00 00 00 00 00 00 00 00 00 00 00 00 00 00 00 00 00 00 00 00
12421224,D,0,376,183,1.83,255,a0 10 00 07 01 78 00 b7 06 01 ff 00 07 03 01 55 28 11 0b 13 00 48 00 00 00 00 00 00 00 00 00 00 00 00 00 00 00 00 00 00 00 00 00 00 00 00 00 00 00 00 00 00 00 00 00 00 00 00 00 00 00 00 00 00
12436223,D,0,422,195,1.95,255,a0 10 00 07 01 a6 00 c3 08 01 ff 00 07 03 01 55 27 8d 0b 13 00 48 00 00 00 00 00 00 00 00 00 00 00 00 00 00 00 00 00 00 00 00 00 00 00 00 00 00 00 00 00 00 00 00 00 00 00 00 00 00 00 00 00 00
12451223,D,0,488,213,2.13,255,a0 10 00 07 01 e8 00 d5 06 01 ff 00 07 03 01 55 26 cf 0b 13 00 48 00 00 00 00 00 00 00 00 00 00 00 00 00 00 00 00 00 00 00 00 00 00 00 00 00 00 00 00 00 00 00 00 00 00 00 00 00 00 00 00 00 00
12468222,D,0,636,243,2.43,255,a0 10 00 07 02 7c 00 f3 06 01 ff 00 07 03 01 55 25 23 0b 13 00 48 00 00 00 00 00 00 00 00 00 00 00 00 00 00 00 00 00 00 00 00 00 00 00 00 00 00 00 00 00 00 00 00 00 00 00 00 00 00 00 00 00 00
12483221,D,0,776,267,2.67,255,a0 10 00 07 03 08 01 0b 00 01 ff 00 07 03 01 55 23 91 0b 13 00 48 00 00 00 00 00 00 00 00 00 00 00 00 00 00 00 00 00 00 00 00 00 00 00 00 00 00 00 00 00 00 00 00 00 00 00 00 00 00 00 00 00 00
12497220,D,0,878,283,2.83,255,a0 10 00 07 03 6e 01 1b 06 01 ff 00 07 03 01 55 22 6a 0b 13 00 48 00 00 00 00 00 00 00 00 00 00 00 00 00 00 00 00 00 00 00 00 00 00 00 00 00 00 00 00 00 00 00 00 00 00 00 00 00 00 00 00 00 00
12511222,D,0,935,291,2.91,255,a0 10 00 07 03 a7 01 23 04 01 ff 00 07 03 01 55 21 c6 0b 13 00 48 00 00 00 00 00 00 00 00 00 00 00 00 00 00 00 00 00 00 00 00 00 00 00 00 00 00 00 00 00 00 00 00 00 00 00 00 00 00 00 00 00 00
12525219,D,0,967,293,2.93,255,a0 10 00 07 03 c7 01 25 06 01 ff 00 07 03 01 55 21 6a 0b 13 00 48 00 00 00 00 00 00 00 00 00 00 00 00 00 00 00 00 00 00 00 00 00 00 00 00 00 00 00 00 00 00 00 00 00 00 00 00 00 00 00 00 00 00
12540224,D,0,995,297,2.97,255,a0 10 00 07 03 e3 01 29 00 01 ff 00 07 03 01 55 21 18 0b 13 00 48 00 00 00 00 00 00 00 00 00 00 00 00 00 00 00 00 00 00 00 00 00 00 00 00 00 00 00 00 00 00 00 00 00 00 00 00 00 00 00 00 00 00
12556221,D,0,1053,301,3.01,255,a0 10 00 07 04 1d 01 2d 04 01 ff 00 07 03 01 55 20 73 0b 13 00 48 00 01 00 00 00 00 00 00 00 00 00 00 00 00 00 00 00 00 00 00 00 00 00 00 00 00 00 00 00 00 00 00 00 00 00 00 00 00 00 00 00 00
12570220,D,0,1096,305,3.05,255,a0 10 00 07 04 48 01 31 08 01 ff 00 07 03 01 55 1f f7 0b 13 00 48 00 02 00 00 00 00 00 00 00 00 00 00 00 00 00 00 00 00 00 00 00 00 00 00 00 00 00 00 00 00 00 00 00 00 00 00 00 00 00 00 00 00
12585218,D,0,1145,309,3.09,255,a0 10 00 07 04 79 01 35 02 01 ff 00 07 03 01 55 1f 69 0b 13 00 48 00 03 00 00 00 00 00 00 00 00 00 00 00 00 00 00 00 00 00 00 00 00 00 00 00 00 00 00 00 00 00 00 00 00 00 00 00 00 00 00 00 00
12600229,D,0,1164,311,3.11,255,a0 10 00 07 04 8c 01 37 04 01 ff 00 07 03 01 55 1f 31 0b 13 00 48 00 04 00 00 00 00 00 00 00 00 00 00 00 00 00 00 00 00 00 00 00 00 00 00 00 00 00 00 00 00 00 00 00 00 00 00 00 00 00 00 00 00
12675222,D,0,1178,313,3.13,255,a0 10 00 07 04 9a 01 39 06 01 ff 00 07 03 01 55 1f 0a 0b 13 00 48 00 09 00 00 00 00 00 00 00 00 00 00 00 00 00 00 00 00 00 00 00 00 00 00 00 00 00 00 00 00 00 00 00 00 00 00 00 00 00 00 00 00
12692221,D,0,1278,323,3.23,255,a0 10 00 07 04 fe 01 43 06 01 ff 00 07 03 01 55 1d eb 0b 13 00 48 00 0a 00 00 00 00 00 00 00 00 00 00 00 00 00 00 00 00 00 00 00 00 00 00 00 00 00 00 00 00 00 00 00 00 00 00 00 00 00 00 00 00
12708223,D,0,1388,331,3.31,255,a0 10 00 07 05 6c 01 4b 00 01 ff 00 07 03 01 55 1c ad 0b 13 00 48 00 0b 00 00 00 00 00 00 00 00 00 00 00 00 00 00 00 00 00 00 00 00 00 00 00 00 00 00 00 00 00 00 00 00 00 00 00 00 00 00 00 00
12722222,D,0,1582,341,3.41,255,a0 10 00 07 06 2e 01 55 00 01 ff 00 07 03 01 55 1a 7e 0b 13 00 48 00 0c 00 00 00 00 00 00 00 00 00 00 00 00 00 00 00 00 00 00 00 00 00 00 00 00 00 00 00 00 00 00 00 00 00 00 00 00 00 00 00 00
14762263,D,0,1443,335,3.35,255,a0 10 00 07 05 a3 01 4f 06 ff ff 00 07 03 01 55 1c 0e 0b 13 00 4a 00 97 00 00 00 00 00 00 00 00 00 00 00 00 00 00 00 00 00 00 00 00 00 00 00 00 00 00 00 00 00 00 00 00 00 00 00 00 00 00 00 00
14775243,D,0,1368,330,3.30,255,a0 10 00 07 05 58 01 4a 0b ff ff 00 07 03 01 55 20 97 0b 13 00 58 00 00 00 00 00 00 00 00 00 00 00 00 00 00 00 00 00 00 00 00 00 00 00 00 00 00 00 00 00 00 00 00 00 00 00 00 00 00 00 00 00 00
14805245,D,0,463,301,3.01,255,a0 10 00 07 01 cf 01 2d 1d ff ff 00 07 03 01 55 29 4b 0b 13 00 58 00 00 00 00 00 00 00 00 00 00 00 00 00 00 00 00 00 00 00 00 00 00 00 00 00 00 00 00 00 00 00 00 00 00 00 00 00 00 00 00 00 00
14835245,D,0,27,272,2.72,255,a0 10 00 07 00 1b 01 10 1d ff ff 00 07 03 01 55 2c 55 0b 13 00 58 00 00 00 00 00 00 00 00 00 00 00 00 00 00 00 00 00 00 00 00 00 00 00 00 00 00 00 00 00 00 00 00 00 00 00 00 00 00 00 00 00 00
14866253,D,0,0,0,0.00,255,a0 10 00 07 00 00 00 00 dd ff ff 00 07 03 01 55 2c 56 0b 13 00 00 00 00 00 00 00 00 00 00 00 00 00 00 00 00 00 00 00 00 00 00 00 00 00 00 00 00 00 00 00 00 00 00 00 00 00 00 00 00 00 00 00 00
15226260,D,0,31,27,0.27,255,a0 10 00 07 00 1f 00 1b 1b 01 ff 00 07 03 01 55 2b f3 0b 13 00 0d 00 00 00 00 00 00 00 00 00 00 00 00 00 00 00 00 00 00 00 00 00 00 00 00 00 00 00 00 00 00 00 00 00 00 00 00 00 00 00 00 00 00
15241260,D,0,53,42,0.42,255,a0 10 00 07 00 35 00 2a 2a 01 ff 00 07 03 01 55 2b b5 0b 13 00 10 00 00 00 00 00 00 00 00 00 00 00 00 00 00 00 00 00 00 00 00 00 00 00 00 00 00 00 00 00 00 00 00 00 00 00 00 00 00 00 00 00 00
15256254,D,0,75,58,0.58,255,a0 10 00 07 00 4b 00 3a 08 01 ff 00 07 03 01 55 2b 75 0b 13 00 17 00 00 00 00 00 00 00 00 00 00 00 00 00 00 00 00 00 00 00 00 00 00 00 00 00 00 00 00 00 00 00 00 00 00 00 00 00 00 00 00 00 00
15271249,D,0,91,67,0.67,255,a0 10 00 07 00 5b 00 43 07 01 ff 00 07 03 01 55 2b 47 0b 13 00 17 00 00 00 00 00 00 00 00 00 00 00 00 00 00 00 00 00 00 00 00 00 00 00 00 00 00 00 00 00 00 00 00 00 00 00 00 00 00 00 00 00 00
15286252,D,0,119,82,0.82,255,a0 10 00 07 00 77 00 52 02 01 ff 00 07 03 01 55 2a f7 0b 13 00 17 00 00 00 00 00 00 00 00 00 00 00 00 00 00 00 00 00 00 00 00 00 00 00 00 00 00 00 00 00 00 00 00 00 00 00 00 00 00 00 00 00 00
15301250,D,0,156,100,1.00,255,a0 10 00 07 00 9c 00 64 09 01 ff 00 07 03 01 55 2a 8a 0b 13 00 18 00 00 00 00 00 00 00 00 00 00 00 00 00 00 00 00 00 00 00 00 00 00 00 00 00 00 00 00 00 00 00 00 00 00 00 00 00 00 00 00 00 00
15316260,D,0,191,118,1.18,255,a0 10 00 07 00 bf 00 76 06 01 ff 00 07 03 01 55 2a 25 0b 13 00 18 00 00 00 00 00 00 00 00 00 00 00 00 00 00 00 00 00 00 00 00 00 00 00 00 00 00 00 00 00 00 00 00 00 00 00 00 00 00 00 00 00 00
15331254,D,0,223,132,1.32,255,a0 10 00 07 00 df 00 84 00 01 ff 00 07 03 01 55 29 c9 0b 13 00 18 00 00 00 00 00 00 00 00 00 00 00 00 00 00 00 00 00 00 00 00 00 00 00 00 00 00 00 00 00 00 00 00 00 00 00 00 00 00 00 00 00 00
15346253,D,0,234,136,1.36,255,a0 10 00 07 00 ea 00 88 04 01 ff 00 07 03 01 55 29 ab 0b 13 00 18 00 00 00 00 00 00 00 00 00 00 00 00 00 00 00 00 00 00 00 00 00 00 00 00 00 00 00 00 00 00 00 00 00 00 00 00 00 00 00 00 00 00
15391265,D,0,241,139,1.39,255,a0 10 00 07 00 f1 00 8b 07 01 ff 00 07 03 01 55 29 95 0b 13 00 1a 00 00 00 00 00 00 00 00 00 00 00 00 00 00 00 00 00 00 00 00 00 00 00 00 00 00 00 00 00 00 00 00 00 00 00 00 00 00 00 00 00 00
15407263,D,0,285,155,1.55,255,a0 10 00 07 01 1d 00 9b 02 01 ff 00 07 03 01 55 29 18 0b 13 00 1d 00 00 00 00 00 00 00 00 00 00 00 00 00 00 00 00 00 00 00 00 00 00 00 00 00 00 00 00 00 00 00 00 00 00 00 00 00 00 00 00 00 00
15421254,D,0,315,165,1.65,255,a0 10 00 07 01 3b 00 a5 02 01 ff 00 07 03 01 55 28 c0 0b 13 00 1d 00 00 00 00 00 00 00 00 00 00 00 00 00 00 00 00 00 00 00 00 00 00 00 00 00 00 00 00 00 00 00 00 00 00 00 00 00 00 00 00 00 00
15436252,D,0,348,175,1.75,255,a0 10 00 07 01 5c 00 af 02 01 ff 00 07 03 01 55 28 62 0b 13 00 1d 00 00 00 00 00 00 00 00 00 00 00 00 00 00 00 00 00 00 00 00 00 00 00 00 00 00 00 00 00 00 00 00 00 00 00 00 00 00 00 00 00 00
15451255,D,0,383,185,1.85,255,a0 10 00 07 01 7f 00 b9 02 01 ff 00 07 03 01 55 27 fe 0b 13 00 1d 00 00 00 00 00 00 00 00 00 00 00 00 00 00 00 00 00 00 00 00 00 00 00 00 00 00 00 00 00 00 00 00 00 00 00 00 00 00 00 00 00 00
15466261,D,0,398,189,1.89,255,a0 10 00 07 01 8e 00 bd 06 01 ff 00 07 03 01 55 27 d1 0b 13 00 1d 00 00 00 00 00 00 00 00 00 00 00 00 00 00 00 00 00 00 00 00 00 00 00 00 00 00 00 00 00 00 00 00 00 00 00 00 00 00 00 00 00 00
15481254,D,0,400,191,1.91,255,a0 10 00 07 01 90 00 bf 08 01 ff 00 07 03 01 55 27 cb 0b 13 00 1d 00 00 00 00 00 00 00 00 00 00 00 00 00 00 00 00 00 00 00 00 00 00 00 00 00 00 00 00 00 00 00 00 00 00 00 00 00 00 00 00 00 00
15796264,D,0,409,192,1.92,255,a0 10 00 07 01 99 00 c0 09 01 ff 00 07 03 01 55 27 b2 0b 13 00 1d 00 00 00 00 00 00 00 00 00 00 00 00 00 00 00 00 00 00 00 00 00 00 00 00 00 00 00 00 00 00 00 00 00 00 00 00 00 00 00 00 00 00
15812263,D,0,463,206,2.06,255,a0 10 00 07 01 cf 00 ce 02 01 ff 00 07 03 01 55 27 15 0b 13 00 1d 00 00 00 00 00 00 00 00 00 00 00 00 00 00 00 00 00 00 00 00 00 00 00 00 00 00 00 00 00 00 00 00 00 00 00 00 00 00 00 00 00 00
15826256,D,0,487,212,2.12,255,a0 10 00 07 01 e7 00 d4 08 01 ff 00 07 03 01 55 26 d2 0b 13 00 1d 00 00 00 00 00 00 00 00 00 00 00 00 00 00 00 00 00 00 00 00 00 00 00 00 00 00 00 00 00 00 00 00 00 00 00 00 00 00 00 00 00 00
15841267,D,0,500,214,2.14,255,a0 10 00 07 01 f4 00 d6 00 01 ff 00 07 03 01 55 26 ad 0b 13 00 1d 00 00 00 00 00 00 00 00 00 00 00 00 00 00 00 00 00 00 00 00 00 00 00 00 00 00 00 00 00 00 00 00 00 00 00 00 00 00 00 00 00 00
15856256,D,0,503,216,2.16,255,a0 10 00 07 01 f7 00 d8 02 01 ff 00 07 03 01 55 26 a2 0b 13 00 1d 00 00 00 00 00 00 00 00 00 00 00 00 00 00 00 00 00 00 00 00 00 00 00 00 00 00 00 00 00 00 00 00 00 00 00 00 00 00 00 00 00 00
16127269,D,0,548,226,2.26,255,a0 10 00 07 02 24 00 e2 02 01 ff 00 07 03 01 55 26 20 0b 13 00 22 00 00 00 00 00 00 00 00 00 00 00 00 00 00 00 00 00 00 00 00 00 00 00 00 00 00 00 00 00 00 00 00 00 00 00 00 00 00 00 00 00 00
16142260,D,0,619,240,2.40,255,a0 10 00 07 02 6b 00 f0 06 01 ff 00 07 03 01 55 25 55 0b 13 00 24 00 00 00 00 00 00 00 00 00 00 00 00 00 00 00 00 00 00 00 00 00 00 00 00 00 00 00 00 00 00 00 00 00 00 00 00 00 00 00 00 00 00
16156261,D,0,637,244,2.44,255,a0 10 00 07 02 7d 00 f4 00 01 ff 00 07 03 01 55 25 20 0b 13 00 24 00 00 00 00 00 00 00 00 00 00 00 00 00 00 00 00 00 00 00 00 00 00 00 00 00 00 00 00 00 00 00 00 00 00 00 00 00 00 00 00 00 00
17072280,D,0,696,254,2.54,255,a0 10 00 07 02 b8 00 fe 00 01 ff 00 07 03 01 55 24 76 0b 13 00 32 00 00 00 00 00 00 00 00 00 00 00 00 00 00 00 00 00 00 00 00 00 00 00 00 00 00 00 00 00 00 00 00 00 00 00 00 00 00 00 00 00 00
17089274,D,0,1014,300,3.00,255,a0 10 00 07 03 f6 01 2c 06 01 ff 00 07 03 01 55 20 e2 0b 13 00 45 00 00 00 00 00 00 00 00 00 00 00 00 00 00 00 00 00 00 00 00 00 00 00 00 00 00 00 00 00 00 00 00 00 00 00 00 00 00 00 00 00 00
17105267,D,0,1421,334,3.34,255,a0 10 00 07 05 8d 01 4e 02 01 ff 00 07 03 01 55 1c 4e 0b 13 00 4b 00 01 00 00 00 00 00 00 00 00 00 00 00 00 00 00 00 00 00 00 00 00 00 00 00 00 00 00 00 00 00 00 00 00 00 00 00 00 00 00 00 00
17118270,D,0,1593,341,3.41,255,a0 10 00 07 06 39 01 55 00 01 ff 00 07 03 01 55 1a 5e 0b 13 00 4b 00 02 00 00 00 00 00 00 00 00 00 00 00 00 00 00 00 00 00 00 00 00 00 00 00 00 00 00 00 00 00 00 00 00 00 00 00 00 00 00 00 00
18438291,D,0,1368,330,3.30,255,a0 10 00 07 05 58 01 4a 0a ff ff 00 07 03 01 55 1d 70 0b 13 00 4b 00 00 00 00 00 00 00 00 00 00 00 00 00 00 00 00 00 00 00 00 00 00 00 00 00 00 00 00 00 00 00 00 00 00 00 00 00 00 00 00 00 00
18466294,D,0,594,301,3.01,255,a0 10 00 07 02 52 01 2d 1d ff ff 00 07 03 01 55 25 9e 0b 13 00 51 00 00 00 00 00 00 00 00 00 00 00 00 00 00 00 00 00 00 00 00 00 00 00 00 00 00 00 00 00 00 00 00 00 00 00 00 00 00 00 00 00 00
18510286,D,0,29,272,2.72,255,a0 10 00 07 00 1d 01 10 1d ff ff 00 07 03 01 55 2c 4c 0b 13 00 51 00 00 00 00 00 00 00 00 00 00 00 00 00 00 00 00 00 00 00 00 00 00 00 00 00 00 00 00 00 00 00 00 00 00 00 00 00 00 00 00 00 00
18525284,D,0,0,0,0.00,255,a0 10 00 07 00 00 00 00 dd ff ff 00 07 03 01 55 2c 4c 0b 13 00 00 00 00 00 00 00 00 00 00 00 00 00 00 00 00 00 00 00 00 00 00 00 00 00 00 00 00 00 00 00 00 00 00 00 00 00 00 00 00 00 00 00 00
19441319,W,0,36,31,0.31,255,a0 10 00 1a 00 24 00 1f 1f 01 ff 00 07 07 01 55 2a 23 0a a4 00 1e 00 00 00 00 00 00 00 00 00 00 00 00 00 00 00 00 00 00 00 00 00 00 00 00 00 00 00 00 00 00 00 00 00 00 00 00 00 00 00 00 00 00
19457309,W,0,111,77,0.77,255,a0 10 00 1a 00 6f 00 4d 4d 01 ff 00 07 07 01 55 29 42 0a a4 00 24 00 00 00 00 00 00 00 00 00 00 00 00 00 00 00 00 00 00 00 00 00 00 00 00 00 00 00 00 00 00 00 00 00 00 00 00 00 00 00 00 00 00
19473310,W,0,188,117,1.17,255,a0 10 00 1a 00 bc 00 75 02 01 ff 00 07 07 01 55 28 59 0a a4 00 27 00 00 00 00 00 00 00 00 00 00 00 00 00 00 00 00 00 00 00 00 00 00 00 00 00 00 00 00 00 00 00 00 00 00 00 00 00 00 00 00 00 00
19487313,W,0,245,139,1.39,255,a0 10 00 1a 00 f5 00 8b 04 01 ff 00 07 07 01 55 27 af 0a a4 00 27 00 00 00 00 00 00 00 00 00 00 00 00 00 00 00 00 00 00 00 00 00 00 00 00 00 00 00 00 00 00 00 00 00 00 00 00 00 00 00 00 00 00
19502308,W,0,298,159,1.59,255,a0 10 00 1a 01 2a 00 9f 04 01 ff 00 07 07 01 55 27 0d 0a a4 00 27 00 00 00 00 00 00 00 00 00 00 00 00 00 00 00 00 00 00 00 00 00 00 00 00 00 00 00 00 00 00 00 00 00 00 00 00 00 00 00 00 00 00
19516437,W,0,334,171,1.71,255,a0 10 00 1a 01 4e 00 ab 06 01 ff 00 07 07 01 55 26 a3 0a a4 00 27 00 00 00 00 00 00 00 00 00 00 00 00 00 00 00 00 00 00 00 00 00 00 00 00 00 00 00 00 00 00 00 00 00 00 00 00 00 00 00 00 00 00
19531423,W,0,346,175,1.75,255,a0 10 00 1a 01 5a 00 af 00 01 ff 00 07 07 01 55 26 7e 0a a4 00 27 00 00 00 00 00 00 00 00 00 00 00 00 00 00 00 00 00 00 00 00 00 00 00 00 00 00 00 00 00 00 00 00 00 00 00 00 00 00 00 00 00 00
19546419,W,0,351,177,1.77,255,a0 10 00 1a 01 5f 00 b1 02 01 ff 00 07 07 01 55 26 70 0a a4 00 27 00 00 00 00 00 00 00 00 00 00 00 00 00 00 00 00 00 00 00 00 00 00 00 00 00 00 00 00 00 00 00 00 00 00 00 00 00 00 00 00 00 00
19561426,W,0,372,183,1.83,255,a0 10 00 1a 01 74 00 b7 08 01 ff 00 07 07 01 55 26 2f 0a a4 00 27 00 00 00 00 00 00 00 00 00 00 00 00 00 00 00 00 00 00 00 00 00 00 00 00 00 00 00 00 00 00 00 00 00 00 00 00 00 00 00 00 00 00
19577421,W,0,420,195,1.95,255,a0 10 00 1a 01 a4 00 c3 00 01 ff 00 07 07 01 55 25 a0 0a a4 00 27 00 00 00 00 00 00 00 00 00 00 00 00 00 00 00 00 00 00 00 00 00 00 00 00 00 00 00 00 00 00 00 00 00 00 00 00 00 00 00 00 00 00
19592421,W,0,491,213,2.13,255,a0 10 00 1a 01 eb 00 d5 08 01 ff 00 07 07 01 55 24 ca 0a a4 00 27 00 00 00 00 00 00 00 00 00 00 00 00 00 00 00 00 00 00 00 00 00 00 00 00 00 00 00 00 00 00 00 00 00 00 00 00 00 00 00 00 00 00
19607420,W,0,545,225,2.25,255,a0 10 00 1a 02 21 00 e1 00 01 ff 00 07 07 01 55 24 27 0a a4 00 27 00 00 00 00 00 00 00 00 00 00 00 00 00 00 00 00 00 00 00 00 00 00 00 00 00 00 00 00 00 00 00 00 00 00 00 00 00 00 00 00 00 00
19621418,W,0,563,229,2.29,255,a0 10 00 1a 02 33 00 e5 04 01 ff 00 07 07 01 55 23 f1 0a a4 00 27 00 00 00 00 00 00 00 00 00 00 00 00 00 00 00 00 00 00 00 00 00 00 00 00 00 00 00 00 00 00 00 00 00 00 00 00 00 00 00 00 00 00
19682432,W,0,517,219,2.19,255,a0 10 00 1a 02 05 00 db 0a ff ff 00 07 07 01 55 24 7a 0a a4 00 27 00 00 00 00 00 00 00 00 00 00 00 00 00 00 00 00 00 00 00 00 00 00 00 00 00 00 00 00 00 00 00 00 00 00 00 00 00 00 00 00 00 00
19712447,W,0,581,233,2.33,255,a0 10 00 1a 02 45 00 e9 04 01 ff 00 07 07 01 55 23 b9 0a a4 00 29 00 00 00 00 00 00 00 00 00 00 00 00 00 00 00 00 00 00 00 00 00 00 00 00 00 00 00 00 00 00 00 00 00 00 00 00 00 00 00 00 00 00
19729431,W,0,739,261,2.61,255,a0 10 00 1a 02 e3 01 05 02 01 ff 00 07 07 01 55 21 dc 0a a4 00 31 00 00 00 00 00 00 00 00 00 00 00 00 00 00 00 00 00 00 00 00 00 00 00 00 00 00 00 00 00 00 00 00 00 00 00 00 00 00 00 00 00 00
19744428,W,0,841,277,2.77,255,a0 10 00 1a 03 49 01 15 08 01 ff 00 07 07 01 55 20 ab 0a a4 00 31 00 00 00 00 00 00 00 00 00 00 00 00 00 00 00 00 00 00 00 00 00 00 00 00 00 00 00 00 00 00 00 00 00 00 00 00 00 00 00 00 00 00
19758470,W,0,916,287,2.87,255,a0 10 00 1a 03 94 01 1f 08 01 ff 00 07 07 01 55 1f c9 0a a4 00 31 00 00 00 00 00 00 00 00 00 00 00 00 00 00 00 00 00 00 00 00 00 00 00 00 00 00 00 00 00 00 00 00 00 00 00 00 00 00 00 00 00 00
19772302,W,0,963,293,2.93,255,a0 10 00 1a 03 c3 01 25 04 01 ff 00 07 07 01 55 1f 3b 0a a4 00 31 00 00 00 00 00 00 00 00 00 00 00 00 00 00 00 00 00 00 00 00 00 00 00 00 00 00 00 00 00 00 00 00 00 00 00 00 00 00 00 00 00 00
19816310,W,0,930,290,2.90,255,a0 10 00 1a 03 a2 01 22 03 ff ff 00 07 07 01 55 1f 9e 0a a4 00 31 00 00 00 00 00 00 00 00 00 00 00 00 00 00 00 00 00 00 00 00 00 00 00 00 00 00 00 00 00 00 00 00 00 00 00 00 00 00 00 00 00 00
19831311,W,0,907,287,2.87,255,a0 10 00 1a 03 8b 01 1f 06 ff ff 00 07 07 01 55 1f e2 0a a4 00 31 00 00 00 00 00 00 00 00 00 00 00 00 00 00 00 00 00 00 00 00 00 00 00 00 00 00 00 00 00 00 00 00 00 00 00 00 00 00 00 00 00 00
19846304,W,0,899,286,2.86,255,a0 10 00 1a 03 83 01 1e 07 ff ff 00 07 07 01 55 1f fc 0a a4 00 31 00 00 00 00 00 00 00 00 00 00 00 00 00 00 00 00 00 00 00 00 00 00 00 00 00 00 00 00 00 00 00 00 00 00 00 00 00 00 00 00 00 00
19861301,W,0,883,283,2.83,255,a0 10 00 1a 03 73 01 1b 0a ff ff 00 07 07 01 55 20 4f 0a a4 00 31 00 00 00 00 00 00 00 00 00 00 00 00 00 00 00 00 00 00 00 00 00 00 00 00 00 00 00 00 00 00 00 00 00 00 00 00 00 00 00 00 00 00
19876299,W,0,826,275,2.75,255,a0 10 00 1a 03 3a 01 13 08 ff ff 00 07 07 01 55 20 d7 0a a4 00 31 00 00 00 00 00 00 00 00 00 00 00 00 00 00 00 00 00 00 00 00 00 00 00 00 00 00 00 00 00 00 00 00 00 00 00 00 00 00 00 00 00 00
19892303,W,0,764,265,2.65,255,a0 10 00 1a 02 fc 01 09 08 ff ff 00 07 07 01 55 21 91 0a a4 00 31 00 00 00 00 00 00 00 00 00 00 00 00 00 00 00 00 00 00 00 00 00 00 00 00 00 00 00 00 00 00 00 00 00 00 00 00 00 00 00 00 00 00
19907302,W,0,698,255,2.55,255,a0 10 00 1a 02 ba 00 ff 08 ff ff 00 07 07 01 55 22 58 0a a4 00 31 00 00 00 00 00 00 00 00 00 00 00 00 00 00 00 00 00 00 00 00 00 00 00 00 00 00 00 00 00 00 00 00 00 00 00 00 00 00 00 00 00 00
19922301,W,0,650,246,2.46,255,a0 10 00 1a 02 8a 00 f6 07 ff ff 00 07 07 01 55 22 eb 0a a4 00 31 00 00 00 00 00 00 00 00 00 00 00 00 00 00 00 00 00 00 00 00 00 00 00 00 00 00 00 00 00 00 00 00 00 00 00 00 00 00 00 00 00 00
19937301,W,0,614,239,2.39,255,a0 10 00 1a 02 66 00 ef 04 ff ff 00 07 07 01 55 23 56 0a a4 00 31 00 00 00 00 00 00 00 00 00 00 00 00 00 00 00 00 00 00 00 00 00 00 00 00 00 00 00 00 00 00 00 00 00 00 00 00 00 00 00 00 00 00
19951426,W,0,597,236,2.36,255,a0 10 00 1a 02 55 00 ec 07 ff ff 00 07 07 01 55 23 88 0a a4 00 31 00 00 00 00 00 00 00 00 00 00 00 00 00 00 00 00 00 00 00 00 00 00 00 00 00 00 00 00 00 00 00 00 00 00 00 00 00 00 00 00 00 00
20252311,W,0,658,248,2.48,255,a0 10 00 1a 02 92 00 f8 02 01 ff 00 07 07 01 55 22 d0 0a a4 00 31 00 00 00 00 00 00 00 00 00 00 00 00 00 00 00 00 00 00 00 00 00 00 00 00 00 00 00 00 00 00 00 00 00 00 00 00 00 00 00 00 00 00
20267305,W,0,717,256,2.56,255,a0 10 00 1a 02 cd 01 00 00 01 ff 00 07 07 01 55 22 21 0a a4 00 31 00 00 00 00 00 00 00 00 00 00 00 00 00 00 00 00 00 00 00 00 00 00 00 00 00 00 00 00 00 00 00 00 00 00 00 00 00 00 00 00 00 00
20282302,W,0,763,264,2.64,255,a0 10 00 1a 02 fb 01 08 08 01 ff 00 07 07 01 55 21 94 0a a4 00 31 00 00 00 00 00 00 00 00 00 00 00 00 00 00 00 00 00 00 00 00 00 00 00 00 00 00 00 00 00 00 00 00 00 00 00 00 00 00 00 00 00 00
20296302,W,0,786,268,2.68,255,a0 10 00 1a 03 12 01 0c 02 01 ff 00 07 07 01 55 21 4f 0a a4 00 31 00 00 00 00 00 00 00 00 00 00 00 00 00 00 00 00 00 00 00 00 00 00 00 00 00 00 00 00 00 00 00 00 00 00 00 00 00 00 00 00 00 00
20311301,W,0,792,270,2.70,255,a0 10 00 1a 03 18 01 0e 04 01 ff 00 07 07 01 55 21 3d 0a a4 00 31 00 00 00 00 00 00 00 00 00 00 00 00 00 00 00 00 00 00 00 00 00 00 00 00 00 00 00 00 00 00 00 00 00 00 00 00 00 00 00 00 00 00
20551440,W,0,808,272,2.72,255,a0 10 00 1a 03 28 01 10 06 01 ff 00 07 07 01 55 21 0d 0a a4 00 31 00 00 00 00 00 00 00 00 00 00 00 00 00 00 00 00 00 00 00 00 00 00 00 00 00 00 00 00 00 00 00 00 00 00 00 00 00 00 00 00 00 00
20566437,W,0,827,274,2.74,255,a0 10 00 1a 03 3b 01 12 08 01 ff 00 07 07 01 55 20 d4 0a a4 00 31 00 00 00 00 00 00 00 00 00 00 00 00 00 00 00 00 00 00 00 00 00 00 00 00 00 00 00 00 00 00 00 00 00 00 00 00 00 00 00 00 00 00
20581434,W,0,840,276,2.76,255,a0 10 00 1a 03 48 01 14 00 01 ff 00 07 07 01 55 20 ac 0a a4 00 31 00 00 00 00 00 00 00 00 00 00 00 00 00 00 00 00 00 00 00 00 00 00 00 00 00 00 00 00 00 00 00 00 00 00 00 00 00 00 00 00 00 00
20596435,W,0,867,280,2.80,255,a0 10 00 1a 03 63 01 18 04 01 ff 00 07 07 01 55 20 5c 0a a4 00 31 00 00 00 00 00 00 00 00 00 00 00 00 00 00 00 00 00 00 00 00 00 00 00 00 00 00 00 00 00 00 00 00 00 00 00 00 00 00 00 00 00 00
20611435,W,0,888,284,2.84,255,a0 10 00 1a 03 78 01 1c 08 01 ff 00 07 07 01 55 20 1c 0a a4 00 31 00 00 00 00 00 00 00 00 00 00 00 00 00 00 00 00 00 00 00 00 00 00 00 00 00 00 00 00 00 00 00 00 00 00 00 00 00 00 00 00 00 00
20701308,W,0,911,286,2.86,255,a0 10 00 1a 03 8f 01 1e 00 01 ff 00 07 07 01 55 1f d7 0a a4 00 31 00 00 00 00 00 00 00 00 00 00 00 00 00 00 00 00 00 00 00 00 00 00 00 00 00 00 00 00 00 00 00 00 00 00 00 00 00 00 00 00 00 00
20719433,W,0,1045,302,3.02,255,a0 10 00 1a 04 15 01 2e 06 01 ff 00 07 07 01 55 1e 43 0a a4 00 32 00 01 00 00 00 00 00 00 00 00 00 00 00 00 00 00 00 00 00 00 00 00 00 00 00 00 00 00 00 00 00 00 00 00 00 00 00 00 00 00 00 00
20734305,W,0,1198,314,3.14,255,a0 10 00 1a 04 ae 01 3a 08 01 ff 00 07 07 01 55 1c 76 0a a4 00 34 00 02 00 00 00 00 00 00 00 00 00 00 00 00 00 00 00 00 00 00 00 00 00 00 00 00 00 00 00 00 00 00 00 00 00 00 00 00 00 00 00 00
20749305,W,0,1350,328,3.28,255,a0 10 00 1a 05 46 01 48 02 01 ff 00 07 07 01 55 1a ac 0a a4 00 34 00 03 00 00 00 00 00 00 00 00 00 00 00 00 00 00 00 00 00 00 00 00 00 00 00 00 00 00 00 00 00 00 00 00 00 00 00 00 00 00 00 00
20764305,W,0,1452,334,3.34,255,a0 10 00 1a 05 ac 01 4e 00 01 ff 00 07 07 01 55 19 79 0a a4 00 34 00 04 00 00 00 00 00 00 00 00 00 00 00 00 00 00 00 00 00 00 00 00 00 00 00 00 00 00 00 00 00 00 00 00 00 00 00 00 00 00 00 00
20777315,W,0,1493,341,3.41,255,a0 10 00 1a 05 d5 01 55 00 01 ff 00 07 07 01 55 18 fc 0a a4 00 34 00 05 00 00 00 00 00 00 00 00 00 00 00 00 00 00 00 00 00 00 00 00 00 00 00 00 00 00 00 00 00 00 00 00 00 00 00 00 00 00 00 00
20792306,W,0,1566,341,3.41,255,a0 10 00 1a 06 1e 01 55 00 01 ff 00 07 07 01 55 18 21 0a a4 00 34 00 06 00 00 00 00 00 00 00 00 00 00 00 00 00 00 00 00 00 00 00 00 00 00 00 00 00 00 00 00 00 00 00 00 00 00 00 00 00 00 00 00
23807480,W,0,1490,341,3.41,255,a0 10 00 1a 05 d2 01 55 02 ff ff 00 07 07 01 55 19 07 0a a4 00 34 00 df 00 00 00 00 00 00 00 00 00 00 00 00 00 00 00 00 00 00 00 00 00 00 00 00 00 00 00 00 00 00 00 00 00 00 00 00 00 00 00 00
23822472,W,0,1367,330,3.30,255,a0 10 00 1a 05 57 01 4a 0a ff ff 00 07 07 01 55 1b 68 0a a4 00 41 00 00 00 00 00 00 00 00 00 00 00 00 00 00 00 00 00 00 00 00 00 00 00 00 00 00 00 00 00 00 00 00 00 00 00 00 00 00 00 00 00 00
23851475,W,0,975,301,3.01,255,a0 10 00 1a 03 cf 01 2d 1d ff ff 00 07 07 01 55 23 54 0a a4 00 53 00 00 00 00 00 00 00 00 00 00 00 00 00 00 00 00 00 00 00 00 00 00 00 00 00 00 00 00 00 00 00 00 00 00 00 00 00 00 00 00 00 00
23880472,W,0,305,272,2.72,255,a0 10 00 1a 01 31 01 10 1d ff ff 00 07 07 01 55 29 2d 0a a4 00 53 00 00 00 00 00 00 00 00 00 00 00 00 00 00 00 00 00 00 00 00 00 00 00 00 00 00 00 00 00 00 00 00 00 00 00 00 00 00 00 00 00 00
23910473,W,0,0,0,0.00,255,a0 10 00 1a 00 00 00 00 dd ff ff 00 07 07 01 55 2a 9d 0a a4 00 00 00 00 00 00 00 00 00 00 00 00 00 00 00 00 00 00 00 00 00 00 00 00 00 00 00 00 00 00 00 00 00 00 00 00 00 00 00 00 00 00 00 00
24601476,S,0,54,42,0.42,255,a0 10 00 16 00 36 00 2a 38 01 ff 00 07 00 01 55 2b 38 0a f3 00 1a 00 00 00 00 00 00 00 00 00 00 00 00 00 00 00 00 00 00 00 00 00 00 00 00 00 00 00 00 00 00 00 00 00 00 00 00 00 00 00 00 00 00
24616478,S,0,94,69,0.69,255,a0 10 00 16 00 5e 00 45 1d 01 ff 00 07 00 01 55 2a cb 0a f3 00 1a 00 00 00 00 00 00 00 00 00 00 00 00 00 00 00 00 00 00 00 00 00 00 00 00 00 00 00 00 00 00 00 00 00 00 00 00 00 00 00 00 00 00
24631478,S,0,136,91,0.91,255,a0 10 00 16 00 88 00 5b 06 01 ff 00 07 00 01 55 2a 57 0a f3 00 1a 00 00 00 00 00 00 00 00 00 00 00 00 00 00 00 00 00 00 00 00 00 00 00 00 00 00 00 00 00 00 00 00 00 00 00 00 00 00 00 00 00 00
24647481,S,0,191,117,1.17,255,a0 10 00 16 00 bf 00 75 02 01 ff 00 07 00 01 55 29 bd 0a f3 00 1a 00 00 00 00 00 00 00 00 00 00 00 00 00 00 00 00 00 00 00 00 00 00 00 00 00 00 00 00 00 00 00 00 00 00 00 00 00 00 00 00 00 00
24662474,S,0,272,149,1.49,255,a0 10 00 16 01 10 00 95 04 01 ff 00 07 00 01 55 28 df 0a f3 00 20 00 00 00 00 00 00 00 00 00 00 00 00 00 00 00 00 00 00 00 00 00 00 00 00 00 00 00 00 00 00 00 00 00 00 00 00 00 00 00 00 00 00
24677476,S,0,354,177,1.77,255,a0 10 00 16 01 62 00 b1 02 01 ff 00 07 00 01 55 27 fb 0a f3 00 23 00 00 00 00 00 00 00 00 00 00 00 00 00 00 00 00 00 00 00 00 00 00 00 00 00 00 00 00 00 00 00 00 00 00 00 00 00 00 00 00 00 00
24691474,S,0,401,191,1.91,255,a0 10 00 16 01 91 00 bf 06 01 ff 00 07 00 01 55 27 7a 0a f3 00 23 00 00 00 00 00 00 00 00 00 00 00 00 00 00 00 00 00 00 00 00 00 00 00 00 00 00 00 00 00 00 00 00 00 00 00 00 00 00 00 00 00 00
25112495,S,0,479,211,2.11,255,a0 10 00 16 01 df 00 d3 06 01 ff 00 07 00 01 55 26 a3 0a f3 00 2c 00 00 00 00 00 00 00 00 00 00 00 00 00 00 00 00 00 00 00 00 00 00 00 00 00 00 00 00 00 00 00 00 00 00 00 00 00 00 00 00 00 00
25129476,S,0,619,239,2.39,255,a0 10 00 16 02 6b 00 ef 04 01 ff 00 07 00 01 55 25 21 0a f3 00 2c 00 00 00 00 00 00 00 00 00 00 00 00 00 00 00 00 00 00 00 00 00 00 00 00 00 00 00 00 00 00 00 00 00 00 00 00 00 00 00 00 00 00
25142483,S,0,669,249,2.49,255,a0 10 00 16 02 9d 00 f9 04 01 ff 00 07 00 01 55 24 95 0a f3 00 2c 00 00 00 00 00 00 00 00 00 00 00 00 00 00 00 00 00 00 00 00 00 00 00 00 00 00 00 00 00 00 00 00 00 00 00 00 00 00 00 00 00 00
25156487,S,0,691,253,2.53,255,a0 10 00 16 02 b3 00 fd 08 01 ff 00 07 00 01 55 24 5a 0a f3 00 2c 00 00 00 00 00 00 00 00 00 00 00 00 00 00 00 00 00 00 00 00 00 00 00 00 00 00 00 00 00 00 00 00 00 00 00 00 00 00 00 00 00 00
25171481,S,0,707,255,2.55,255,a0 10 00 16 02 c3 00 ff 00 01 ff 00 07 00 01 55 24 2c 0a f3 00 2c 00 00 00 00 00 00 00 00 00 00 00 00 00 00 00 00 00 00 00 00 00 00 00 00 00 00 00 00 00 00 00 00 00 00 00 00 00 00 00 00 00 00
25201483,S,0,715,257,2.57,255,a0 10 00 16 02 cb 01 01 02 01 ff 00 07 00 01 55 24 18 0a f3 00 2c 00 00 00 00 00 00 00 00 00 00 00 00 00 00 00 00 00 00 00 00 00 00 00 00 00 00 00 00 00 00 00 00 00 00 00 00 00 00 00 00 00 00
25337523,S,0,743,261,2.61,255,a0 10 00 16 02 e7 01 05 06 01 ff 00 07 00 01 55 23 c9 0a f3 00 2c 00 00 00 00 00 00 00 00 00 00 00 00 00 00 00 00 00 00 00 00 00 00 00 00 00 00 00 00 00 00 00 00 00 00 00 00 00 00 00 00 00 00
25353488,S,0,832,275,2.75,255,a0 10 00 16 03 40 01 13 00 01 ff 00 07 00 01 55 22 d5 0a f3 00 2c 00 00 00 00 00 00 00 00 00 00 00 00 00 00 00 00 00 00 00 00 00 00 00 00 00 00 00 00 00 00 00 00 00 00 00 00 00 00 00 00 00 00
25367482,S,0,904,285,2.85,255,a0 10 00 16 03 88 01 1d 00 01 ff 00 07 00 01 55 22 0d 0a f3 00 2c 00 00 00 00 00 00 00 00 00 00 00 00 00 00 00 00 00 00 00 00 00 00 00 00 00 00 00 00 00 00 00 00 00 00 00 00 00 00 00 00 00 00
25384479,S,0,1051,301,3.01,255,a0 10 00 16 04 1b 01 2d 06 01 ff 00 07 00 01 55 20 77 0a f3 00 2c 00 01 00 00 00 00 00 00 00 00 00 00 00 00 00 00 00 00 00 00 00 00 00 00 00 00 00 00 00 00 00 00 00 00 00 00 00 00 00 00 00 00
25399487,S,0,1225,317,3.17,255,a0 10 00 16 04 c9 01 3d 02 01 ff 00 07 00 01 55 1e 96 0a f3 00 32 00 02 00 00 00 00 00 00 00 00 00 00 00 00 00 00 00 00 00 00 00 00 00 00 00 00 00 00 00 00 00 00 00 00 00 00 00 00 00 00 00 00
25414481,S,0,1390,331,3.31,255,a0 10 00 16 05 6e 01 4b 00 01 ff 00 07 00 01 55 1c ce 0a f3 00 32 00 03 00 00 00 00 00 00 00 00 00 00 00 00 00 00 00 00 00 00 00 00 00 00 00 00 00 00 00 00 00 00 00 00 00 00 00 00 00 00 00 00
25428484,S,0,1462,335,3.35,255,a0 10 00 16 05 b6 01 4f 00 01 ff 00 07 00 01 55 1c 07 0a f3 00 32 00 04 00 00 00 00 00 00 00 00 00 00 00 00 00 00 00 00 00 00 00 00 00 00 00 00 00 00 00 00 00 00 00 00 00 00 00 00 00 00 00 00
25621492,S,0,1472,341,3.41,255,a0 10 00 16 05 c0 01 55 01 01 ff 00 07 00 01 55 1b ed 0a f3 00 32 00 11 00 00 00 00 00 00 00 00 00 00 00 00 00 00 00 00 00 00 00 00 00 00 00 00 00 00 00 00 00 00 00 00 00 00 00 00 00 00 00 00
25652491,S,0,1591,341,3.41,255,a0 10 00 16 06 37 01 55 00 01 ff 00 07 00 01 55 1a a5 0a f3 00 32 00 13 00 00 00 00 00 00 00 00 00 00 00 00 00 00 00 00 00 00 00 00 00 00 00 00 00 00 00 00 00 00 00 00 00 00 00 00 00 00 00 00
27707517,S,0,1421,334,3.34,255,a0 10 00 16 05 8d 01 4e 06 ff ff 00 07 00 01 55 1c 7a 0a f3 00 3d 00 a0 00 00 00 00 00 00 00 00 00 00 00 00 00 00 00 00 00 00 00 00 00 00 00 00 00 00 00 00 00 00 00 00 00 00 00 00 00 00 00 00
27721510,S,0,1368,330,3.30,255,a0 10 00 16 05 58 01 4a 0a ff ff 00 07 00 01 55 1d c8 0a f3 00 3d 00 00 00 00 00 00 00 00 00 00 00 00 00 00 00 00 00 00 00 00 00 00 00 00 00 00 00 00 00 00 00 00 00 00 00 00 00 00 00 00 00 00
27737541,S,0,1131,309,3.09,255,a0 10 00 16 04 6b 01 35 06 ff ff 00 07 00 01 55 1f 9b 0a f3 00 3d 00 00 00 00 00 00 00 00 00 00 00 00 00 00 00 00 00 00 00 00 00 00 00 00 00 00 00 00 00 00 00 00 00 00 00 00 00 00 00 00 00 00
27754503,S,0,945,292,2.92,255,a0 10 00 16 03 b1 01 24 03 ff ff 00 07 00 01 55 21 9c 0a f3 00 3d 00 00 00 00 00 00 00 00 00 00 00 00 00 00 00 00 00 00 00 00 00 00 00 00 00 00 00 00 00 00 00 00 00 00 00 00 00 00 00 00 00 00
27769509,S,0,792,270,2.70,255,a0 10 00 16 03 18 01 0e 05 ff ff 00 07 00 01 55 23 42 0a f3 00 3d 00 00 00 00 00 00 00 00 00 00 00 00 00 00 00 00 00 00 00 00 00 00 00 00 00 00 00 00 00 00 00 00 00 00 00 00 00 00 00 00 00 00
27784501,S,0,668,250,2.50,255,a0 10 00 16 02 9c 00 fa 05 ff ff 00 07 00 01 55 24 9a 0a f3 00 3d 00 00 00 00 00 00 00 00 00 00 00 00 00 00 00 00 00 00 00 00 00 00 00 00 00 00 00 00 00 00 00 00 00 00 00 00 00 00 00 00 00 00
27798506,S,0,576,232,2.32,255,a0 10 00 16 02 40 00 e8 03 ff ff 00 07 00 01 55 25 98 0a f3 00 3d 00 00 00 00 00 00 00 00 00 00 00 00 00 00 00 00 00 00 00 00 00 00 00 00 00 00 00 00 00 00 00 00 00 00 00 00 00 00 00 00 00 00
27812502,S,0,509,218,2.18,255,a0 10 00 16 01 fd 00 da 07 ff ff 00 07 00 01 55 26 50 0a f3 00 3d 00 00 00 00 00 00 00 00 00 00 00 00 00 00 00 00 00 00 00 00 00 00 00 00 00 00 00 00 00 00 00 00 00 00 00 00 00 00 00 00 00 00
27827506,S,0,449,203,2.03,255,a0 10 00 16 01 c1 00 cb 02 ff ff 00 07 00 01 55 26 f5 0a f3 00 3d 00 00 00 00 00 00 00 00 00 00 00 00 00 00 00 00 00 00 00 00 00 00 00 00 00 00 00 00 00 00 00 00 00 00 00 00 00 00 00 00 00 00
27843510,S,0,355,178,1.78,255,a0 10 00 16 01 63 00 b2 07 ff ff 00 07 00 01 55 27 f8 0a f3 00 3d 00 00 00 00 00 00 00 00 00 00 00 00 00 00 00 00 00 00 00 00 00 00 00 00 00 00 00 00 00 00 00 00 00 00 00 00 00 00 00 00 00 00
27859514,S,0,216,131,1.31,255,a0 10 00 16 00 d8 00 83 04 ff ff 00 07 00 01 55 29 7a 0a f3 00 3d 00 00 00 00 00 00 00 00 00 00 00 00 00 00 00 00 00 00 00 00 00 00 00 00 00 00 00 00 00 00 00 00 00 00 00 00 00 00 00 00 00 00
27874511,S,0,82,62,0.62,255,a0 10 00 16 00 52 00 3e 03 ff ff 00 07 00 01 55 2a eb 0a f3 00 3d 00 00 00 00 00 00 00 00 00 00 00 00 00 00 00 00 00 00 00 00 00 00 00 00 00 00 00 00 00 00 00 00 00 00 00 00 00 00 00 00 00 00
27888501,S,0,0,0,0.00,255,a0 10 00 16 00 00 00 00 dd ff ff 00 07 00 01 55 2b d5 0a f3 00 00 00 00 00 00 00 00 00 00 00 00 00 00 00 00 00 00 00 00 00 00 00 00 00 00 00 00 00 00 00 00 00 00 00 00 00 00 00 00 00 00 00 00
29416683,S,0,38,32,0.32,255,a0 10 00 16 00 26 00 20 20 01 ff 00 07 00 01 55 2b 66 0a f3 00 14 00 00 00 00 00 00 00 00 00 00 00 00 00 00 00 00 00 00 00 00 00 00 00 00 00 00 00 00 00 00 00 00 00 00 00 00 00 00 00 00 00 00
29431653,S,0,48,38,0.38,255,a0 10 00 16 00 30 00 26 26 01 ff 00 07 00 01 55 2b 49 0a f3 00 14 00 00 00 00 00 00 00 00 00 00 00 00 00 00 00 00 00 00 00 00 00 00 00 00 00 00 00 00 00 00 00 00 00 00 00 00 00 00 00 00 00 00
29446649,S,0,51,41,0.41,255,a0 10 00 16 00 33 00 29 2a 01 ff 00 07 00 01 55 2b 42 0a f3 00 14 00 00 00 00 00 00 00 00 00 00 00 00 00 00 00 00 00 00 00 00 00 00 00 00 00 00 00 00 00 00 00 00 00 00 00 00 00 00 00 00 00 00
29490545,S,0,52,41,0.41,255,a0 10 00 16 00 34 00 29 29 01 ff 00 07 00 01 55 2b 3e 0a f3 00 1b 00 00 00 00 00 00 00 00 00 00 00 00 00 00 00 00 00 00 00 00 00 00 00 00 00 00 00 00 00 00 00 00 00 00 00 00 00 00 00 00 00 00
29506527,S,0,54,43,0.43,255,a0 10 00 16 00 36 00 2b 2b 01 ff 00 07 00 01 55 2b 39 0a f3 00 1b 00 00 00 00 00 00 00 00 00 00 00 00 00 00 00 00 00 00 00 00 00 00 00 00 00 00 00 00 00 00 00 00 00 00 00 00 00 00 00 00 00 00
29521523,S,0,70,55,0.55,255,a0 10 00 16 00 46 00 37 37 01 ff 00 07 00 01 55 2b 0c 0a f3 00 1b 00 00 00 00 00 00 00 00 00 00 00 00 00 00 00 00 00 00 00 00 00 00 00 00 00 00 00 00 00 00 00 00 00 00 00 00 00 00 00 00 00 00
29536522,S,0,94,69,0.69,255,a0 10 00 16 00 5e 00 45 45 01 ff 00 07 00 01 55 2a ca 0a f3 00 1b 00 00 00 00 00 00 00 00 00 00 00 00 00 00 00 00 00 00 00 00 00 00 00 00 00 00 00 00 00 00 00 00 00 00 00 00 00 00 00 00 00 00
29551522,S,0,117,81,0.81,255,a0 10 00 16 00 75 00 51 51 01 ff 00 07 00 01 55 2a 8b 0a f3 00 1b 00 00 00 00 00 00 00 00 00 00 00 00 00 00 00 00 00 00 00 00 00 00 00 00 00 00 00 00 00 00 00 00 00 00 00 00 00 00 00 00 00 00
29566529,S,0,142,91,0.91,255,a0 10 00 16 00 8e 00 5b 06 01 ff 00 07 00 01 55 2a 45 0a f3 00 1b 00 00 00 00 00 00 00 00 00 00 00 00 00 00 00 00 00 00 00 00 00 00 00 00 00 00 00 00 00 00 00 00 00 00 00 00 00 00 00 00 00 00
29581537,S,0,174,108,1.08,255,a0 10 00 16 00 ae 00 6c 02 01 ff 00 07 00 01 55 29 ee 0a f3 00 1b 00 00 00 00 00 00 00 00 00 00 00 00 00 00 00 00 00 00 00 00 00 00 00 00 00 00 00 00 00 00 00 00 00 00 00 00 00 00 00 00 00 00
29596546,S,0,202,124,1.24,255,a0 10 00 16 00 ca 00 7c 06 01 ff 00 07 00 01 55 29 9f 0a f3 00 1b 00 00 00 00 00 00 00 00 00 00 00 00 00 00 00 00 00 00 00 00 00 00 00 00 00 00 00 00 00 00 00 00 00 00 00 00 00 00 00 00 00 00
29611537,S,0,219,132,1.32,255,a0 10 00 16 00 db 00 84 04 01 ff 00 07 00 01 55 29 72 0a f3 00 1b 00 00 00 00 00 00 00 00 00 00 00 00 00 00 00 00 00 00 00 00 00 00 00 00 00 00 00 00 00 00 00 00 00 00 00 00 00 00 00 00 00 00
29626526,S,0,221,132,1.32,255,a0 10 00 16 00 dd 00 84 06 01 ff 00 07 00 01 55 29 6b 0a f3 00 1b 00 00 00 00 00 00 00 00 00 00 00 00 00 00 00 00 00 00 00 00 00 00 00 00 00 00 00 00 00 00 00 00 00 00 00 00 00 00 00 00 00 00
30121535,S,0,224,133,1.33,255,a0 10 00 16 00 e0 00 85 08 01 ff 00 07 00 01 55 29 62 0a f3 00 1b 00 00 00 00 00 00 00 00 00 00 00 00 00 00 00 00 00 00 00 00 00 00 00 00 00 00 00 00 00 00 00 00 00 00 00 00 00 00 00 00 00 00
30151663,S,0,231,135,1.35,255,a0 10 00 16 00 e7 00 87 09 01 ff 00 07 00 01 55 29 4f 0a f3 00 1b 00 00 00 00 00 00 00 00 00 00 00 00 00 00 00 00 00 00 00 00 00 00 00 00 00 00 00 00 00 00 00 00 00 00 00 00 00 00 00 00 00 00
30166658,S,0,244,139,1.39,255,a0 10 00 16 00 f4 00 8b 02 01 ff 00 07 00 01 55 29 2c 0a f3 00 1b 00 00 00 00 00 00 00 00 00 00 00 00 00 00 00 00 00 00 00 00 00 00 00 00 00 00 00 00 00 00 00 00 00 00 00 00 00 00 00 00 00 00
30180658,S,0,250,141,1.41,255,a0 10 00 16 00 fa 00 8d 04 01 ff 00 07 00 01 55 29 1a 0a f3 00 1b 00 00 00 00 00 00 00 00 00 00 00 00 00 00 00 00 00 00 00 00 00 00 00 00 00 00 00 00 00 00 00 00 00 00 00 00 00 00 00 00 00 00
30196659,S,0,252,142,1.42,255,a0 10 00 16 00 fc 00 8e 06 01 ff 00 07 00 01 55 29 15 0a f3 00 1b 00 00 00 00 00 00 00 00 00 00 00 00 00 00 00 00 00 00 00 00 00 00 00 00 00 00 00 00 00 00 00 00 00 00 00 00 00 00 00 00 00 00
30210669,S,0,254,142,1.42,255,a0 10 00 16 00 fe 00 8e 05 01 ff 00 07 00 01 55 29 11 0a f3 00 1b 00 00 00 00 00 00 00 00 00 00 00 00 00 00 00 00 00 00 00 00 00 00 00 00 00 00 00 00 00 00 00 00 00 00 00 00 00 00 00 00 00 00
30226661,S,0,254,143,1.43,255,a0 10 00 16 00 fe 00 8f 07 01 ff 00 07 00 01 55 29 11 0a f3 00 1b 00 00 00 00 00 00 00 00 00 00 00 00 00 00 00 00 00 00 00 00 00 00 00 00 00 00 00 00 00 00 00 00 00 00 00 00 00 00 00 00 00 00
30241658,S,0,260,145,1.45,255,a0 10 00 16 01 04 00 91 08 01 ff 00 07 00 01 55 28 ff 0a f3 00 1b 00 00 00 00 00 00 00 00 00 00 00 00 00 00 00 00 00 00 00 00 00 00 00 00 00 00 00 00 00 00 00 00 00 00 00 00 00 00 00 00 00 00
30256655,S,0,277,151,1.51,255,a0 10 00 16 01 15 00 97 04 01 ff 00 07 00 01 55 28 d0 0a f3 00 1b 00 00 00 00 00 00 00 00 00 00 00 00 00 00 00 00 00 00 00 00 00 00 00 00 00 00 00 00 00 00 00 00 00 00 00 00 00 00 00 00 00 00
30271654,S,0,297,159,1.59,255,a0 10 00 16 01 29 00 9f 02 01 ff 00 07 00 01 55 28 9a 0a f3 00 1b 00 00 00 00 00 00 00 00 00 00 00 00 00 00 00 00 00 00 00 00 00 00 00 00 00 00 00 00 00 00 00 00 00 00 00 00 00 00 00 00 00 00
30286649,S,0,312,163,1.63,255,a0 10 00 16 01 38 00 a3 06 01 ff 00 07 00 01 55 28 70 0a f3 00 1b 00 00 00 00 00 00 00 00 00 00 00 00 00 00 00 00 00 00 00 00 00 00 00 00 00 00 00 00 00 00 00 00 00 00 00 00 00 00 00 00 00 00
30301654,S,0,326,169,1.69,255,a0 10 00 16 01 46 00 a9 02 01 ff 00 07 00 01 55 28 4a 0a f3 00 1b 00 00 00 00 00 00 00 00 00 00 00 00 00 00 00 00 00 00 00 00 00 00 00 00 00 00 00 00 00 00 00 00 00 00 00 00 00 00 00 00 00 00
30316646,S,0,334,171,1.71,255,a0 10 00 16 01 4e 00 ab 04 01 ff 00 07 00 01 55 28 33 0a f3 00 1b 00 00 00 00 00 00 00 00 00 00 00 00 00 00 00 00 00 00 00 00 00 00 00 00 00 00 00 00 00 00 00 00 00 00 00 00 00 00 00 00 00 00
30331657,S,0,346,175,1.75,255,a0 10 00 16 01 5a 00 af 08 01 ff 00 07 00 01 55 28 12 0a f3 00 1b 00 00 00 00 00 00 00 00 00 00 00 00 00 00 00 00 00 00 00 00 00 00 00 00 00 00 00 00 00 00 00 00 00 00 00 00 00 00 00 00 00 00
30346654,S,0,378,185,1.85,255,a0 10 00 16 01 7a 00 b9 08 01 ff 00 07 00 01 55 27 ba 0a f3 00 1b 00 00 00 00 00 00 00 00 00 00 00 00 00 00 00 00 00 00 00 00 00 00 00 00 00 00 00 00 00 00 00 00 00 00 00 00 00 00 00 00 00 00
30362654,S,0,427,197,1.97,255,a0 10 00 16 01 ab 00 c5 00 01 ff 00 07 00 01 55 27 33 0a f3 00 1d 00 00 00 00 00 00 00 00 00 00 00 00 00 00 00 00 00 00 00 00 00 00 00 00 00 00 00 00 00 00 00 00 00 00 00 00 00 00 00 00 00 00
30377661,S,0,487,211,2.11,255,a0 10 00 16 01 e7 00 d3 04 01 ff 00 07 00 01 55 26 8e 0a f3 00 1e 00 00 00 00 00 00 00 00 00 00 00 00 00 00 00 00 00 00 00 00 00 00 00 00 00 00 00 00 00 00 00 00 00 00 00 00 00 00 00 00 00 00
30392655,S,0,544,225,2.25,255,a0 10 00 16 02 20 00 e1 08 01 ff 00 07 00 01 55 25 f0 0a f3 00 22 00 00 00 00 00 00 00 00 00 00 00 00 00 00 00 00 00 00 00 00 00 00 00 00 00 00 00 00 00 00 00 00 00 00 00 00 00 00 00 00 00 00
30406532,S,0,572,231,2.31,255,a0 10 00 16 02 3c 00 e7 04 01 ff 00 07 00 01 55 25 a3 0a f3 00 22 00 00 00 00 00 00 00 00 00 00 00 00 00 00 00 00 00 00 00 00 00 00 00 00 00 00 00 00 00 00 00 00 00 00 00 00 00 00 00 00 00 00
30526535,S,0,580,233,2.33,255,a0 10 00 16 02 44 00 e9 06 01 ff 00 07 00 01 55 25 8c 0a f3 00 22 00 00 00 00 00 00 00 00 00 00 00 00 00 00 00 00 00 00 00 00 00 00 00 00 00 00 00 00 00 00 00 00 00 00 00 00 00 00 00 00 00 00
30541540,S,0,594,235,2.35,255,a0 10 00 16 02 52 00 eb 08 01 ff 00 07 00 01 55 25 64 0a f3 00 22 00 00 00 00 00 00 00 00 00 00 00 00 00 00 00 00 00 00 00 00 00 00 00 00 00 00 00 00 00 00 00 00 00 00 00 00 00 00 00 00 00 00
30557538,S,0,636,243,2.43,255,a0 10 00 16 02 7c 00 f3 06 01 ff 00 07 00 01 55 24 f0 0a f3 00 22 00 00 00 00 00 00 00 00 00 00 00 00 00 00 00 00 00 00 00 00 00 00 00 00 00 00 00 00 00 00 00 00 00 00 00 00 00 00 00 00 00 00
30572536,S,0,712,257,2.57,255,a0 10 00 16 02 c8 01 01 0a 01 ff 00 07 00 01 55 24 20 0a f3 00 22 00 00 00 00 00 00 00 00 00 00 00 00 00 00 00 00 00 00 00 00 00 00 00 00 00 00 00 00 00 00 00 00 00 00 00 00 00 00 00 00 00 00
30588537,S,0,809,273,2.73,255,a0 10 00 16 03 29 01 11 06 01 ff 00 07 00 01 55 23 14 0a f3 00 29 00 00 00 00 00 00 00 00 00 00 00 00 00 00 00 00 00 00 00 00 00 00 00 00 00 00 00 00 00 00 00 00 00 00 00 00 00 00 00 00 00 00
30603538,S,0,901,285,2.85,255,a0 10 00 16 03 85 01 1d 08 01 ff 00 07 00 01 55 22 15 0a f3 00 29 00 00 00 00 00 00 00 00 00 00 00 00 00 00 00 00 00 00 00 00 00 00 00 00 00 00 00 00 00 00 00 00 00 00 00 00 00 00 00 00 00 00
30616683,S,0,941,291,2.91,255,a0 10 00 16 03 ad 01 23 04 01 ff 00 07 00 01 55 21 a8 0a f3 00 29 00 00 00 00 00 00 00 00 00 00 00 00 00 00 00 00 00 00 00 00 00 00 00 00 00 00 00 00 00 00 00 00 00 00 00 00 00 00 00 00 00 00
30676663,S,0,954,293,2.93,255,a0 10 00 16 03 ba 01 25 06 01 ff 00 07 00 01 55 21 82 0a f3 00 29 00 00 00 00 00 00 00 00 00 00 00 00 00 00 00 00 00 00 00 00 00 00 00 00 00 00 00 00 00 00 00 00 00 00 00 00 00 00 00 00 00 00
30691695,S,0,984,295,2.95,255,a0 10 00 16 03 d8 01 27 08 01 ff 00 07 00 01 55 21 2f 0a f3 00 29 00 00 00 00 00 00 00 00 00 00 00 00 00 00 00 00 00 00 00 00 00 00 00 00 00 00 00 00 00 00 00 00 00 00 00 00 00 00 00 00 00 00
30706675,S,0,999,297,2.97,255,a0 10 00 16 03 e7 01 29 00 01 ff 00 07 00 01 55 21 08 0a f3 00 29 00 00 00 00 00 00 00 00 00 00 00 00 00 00 00 00 00 00 00 00 00 00 00 00 00 00 00 00 00 00 00 00 00 00 00 00 00 00 00 00 00 00
30736662,S,0,1008,299,2.99,255,a0 10 00 16 03 f0 01 2b 02 01 ff 00 07 00 01 55 20 ee 0a f3 00 29 00 00 00 00 00 00 00 00 00 00 00 00 00 00 00 00 00 00 00 00 00 00 00 00 00 00 00 00 00 00 00 00 00 00 00 00 00 00 00 00 00 00
30782665,S,0,1047,301,3.01,255,a0 10 00 16 04 17 01 2d 04 01 ff 00 07 00 01 55 20 83 0a f3 00 29 00 01 00 00 00 00 00 00 00 00 00 00 00 00 00 00 00 00 00 00 00 00 00 00 00 00 00 00 00 00 00 00 00 00 00 00 00 00 00 00 00 00
30799671,S,0,1175,313,3.13,255,a0 10 00 16 04 97 01 39 06 01 ff 00 07 00 01 55 1f 20 0a f3 00 2c 00 02 00 00 00 00 00 00 00 00 00 00 00 00 00 00 00 00 00 00 00 00 00 00 00 00 00 00 00 00 00 00 00 00 00 00 00 00 00 00 00 00
30814651,S,0,1387,331,3.31,255,a0 10 00 16 05 6b 01 4b 00 01 ff 00 07 00 01 55 1c d7 0a f3 00 3a 00 03 00 00 00 00 00 00 00 00 00 00 00 00 00 00 00 00 00 00 00 00 00 00 00 00 00 00 00 00 00 00 00 00 00 00 00 00 00 00 00 00
30828665,S,0,1593,341,3.41,255,a0 10 00 16 06 39 01 55 00 01 ff 00 07 00 01 55 1a 9e 0a f3 00 40 00 04 00 00 00 00 00 00 00 00 00 00 00 00 00 00 00 00 00 00 00 00 00 00 00 00 00 00 00 00 00 00 00 00 00 00 00 00 00 00 00 00
32582682,S,0,1367,330,3.30,255,a0 10 00 16 05 57 01 4a 0b ff ff 00 07 00 01 55 1d bc 0a f3 00 4c 00 00 00 00 00 00 00 00 00 00 00 00 00 00 00 00 00 00 00 00 00 00 00 00 00 00 00 00 00 00 00 00 00 00 00 00 00 00 00 00 00 00
32611682,S,0,669,301,3.01,255,a0 10 00 16 02 9d 01 2d 1d ff ff 00 07 00 01 55 24 c5 0a f3 00 4d 00 00 00 00 00 00 00 00 00 00 00 00 00 00 00 00 00 00 00 00 00 00 00 00 00 00 00 00 00 00 00 00 00 00 00 00 00 00 00 00 00 00
32640684,S,0,342,272,2.72,255,a0 10 00 16 01 56 01 10 1d ff ff 00 07 00 01 55 28 2c 0a f3 00 4d 00 00 00 00 00 00 00 00 00 00 00 00 00 00 00 00 00 00 00 00 00 00 00 00 00 00 00 00 00 00 00 00 00 00 00 00 00 00 00 00 00 00
32670685,S,0,238,243,2.43,255,a0 10 00 16 00 ee 00 f3 1d ff ff 00 07 00 01 55 29 46 0a f3 00 4d 00 00 00 00 00 00 00 00 00 00 00 00 00 00 00 00 00 00 00 00 00 00 00 00 00 00 00 00 00 00 00 00 00 00 00 00 00 00 00 00 00 00
32700689,S,0,84,214,2.14,255,a0 10 00 16 00 54 00 d6 1d ff ff 00 07 00 01 55 2b 02 0a f3 00 4d 00 00 00 00 00 00 00 00 00 00 00 00 00 00 00 00 00 00 00 00 00 00 00 00 00 00 00 00 00 00 00 00 00 00 00 00 00 00 00 00 00 00
32730682,S,0,0,0,0.00,255,a0 10 00 16 00 00 00 00 dd ff ff 00 07 00 01 55 2b eb 0a f3 00 00 00 00 00 00 00 00 00 00 00 00 00 00 00 00 00 00 00 00 00 00 00 00 00 00 00 00 00 00 00 00 00 00 00 00 00 00 00 00 00 00 00 00
33976705,W,0,42,35,0.35,255,a0 10 00 1a 00 2a 00 23 23 01 ff 00 07 07 01 55 2a 12 0a a4 00 1d 00 00 00 00 00 00 00 00 00 00 00 00 00 00 00 00 00 00 00 00 00 00 00 00 00 00 00 00 00 00 00 00 00 00 00 00 00 00 00 00 00 00
33992702,W,0,111,77,0.77,255,a0 10 00 1a 00 6f 00 4d 4d 01 ff 00 07 07 01 55 29 41 0a a4 00 23 00 00 00 00 00 00 00 00 00 00 00 00 00 00 00 00 00 00 00 00 00 00 00 00 00 00 00 00 00 00 00 00 00 00 00 00 00 00 00 00 00 00
34008699,W,0,224,133,1.33,255,a0 10 00 1a 00 e0 00 85 08 01 ff 00 07 07 01 55 27 ed 0a a4 00 2b 00 00 00 00 00 00 00 00 00 00 00 00 00 00 00 00 00 00 00 00 00 00 00 00 00 00 00 00 00 00 00 00 00 00 00 00 00 00 00 00 00 00
34023716,W,0,319,167,1.67,255,a0 10 00 1a 01 3f 00 a7 02 01 ff 00 07 07 01 55 26 cf 0a a4 00 2b 00 00 00 00 00 00 00 00 00 00 00 00 00 00 00 00 00 00 00 00 00 00 00 00 00 00 00 00 00 00 00 00 00 00 00 00 00 00 00 00 00 00
34037713,W,0,371,183,1.83,255,a0 10 00 1a 01 73 00 b7 08 01 ff 00 07 07 01 55 26 33 0a a4 00 2b 00 00 00 00 00 00 00 00 00 00 00 00 00 00 00 00 00 00 00 00 00 00 00 00 00 00 00 00 00 00 00 00 00 00 00 00 00 00 00 00 00 00
34051698,W,0,383,185,1.85,255,a0 10 00 1a 01 7f 00 b9 00 01 ff 00 07 07 01 55 26 0f 0a a4 00 2b 00 00 00 00 00 00 00 00 00 00 00 00 00 00 00 00 00 00 00 00 00 00 00 00 00 00 00 00 00 00 00 00 00 00 00 00 00 00 00 00 00 00
34111701,W,0,389,187,1.87,255,a0 10 00 1a 01 85 00 bb 02 01 ff 00 07 07 01 55 25 fd 0a a4 00 2b 00 00 00 00 00 00 00 00 00 00 00 00 00 00 00 00 00 00 00 00 00 00 00 00 00 00 00 00 00 00 00 00 00 00 00 00 00 00 00 00 00 00
34126696,W,0,433,199,1.99,255,a0 10 00 1a 01 b1 00 c7 04 01 ff 00 07 07 01 55 25 77 0a a4 00 2b 00 00 00 00 00 00 00 00 00 00 00 00 00 00 00 00 00 00 00 00 00 00 00 00 00 00 00 00 00 00 00 00 00 00 00 00 00 00 00 00 00 00
34141702,W,0,459,205,2.05,255,a0 10 00 1a 01 cb 00 cd 00 01 ff 00 07 07 01 55 25 28 0a a4 00 2b 00 00 00 00 00 00 00 00 00 00 00 00 00 00 00 00 00 00 00 00 00 00 00 00 00 00 00 00 00 00 00 00 00 00 00 00 00 00 00 00 00 00
34501706,W,0,471,208,2.08,255,a0 10 00 1a 01 d7 00 d0 03 01 ff 00 07 07 01 55 25 04 0a a4 00 2b 00 00 00 00 00 00 00 00 00 00 00 00 00 00 00 00 00 00 00 00 00 00 00 00 00 00 00 00 00 00 00 00 00 00 00 00 00 00 00 00 00 00
34516695,W,0,513,218,2.18,255,a0 10 00 1a 02 01 00 da 02 01 ff 00 07 07 01 55 24 85 0a a4 00 2b 00 00 00 00 00 00 00 00 00 00 00 00 00 00 00 00 00 00 00 00 00 00 00 00 00 00 00 00 00 00 00 00 00 00 00 00 00 00 00 00 00 00
34531701,W,0,544,224,2.24,255,a0 10 00 1a 02 20 00 e0 08 01 ff 00 07 07 01 55 24 2a 0a a4 00 2b 00 00 00 00 00 00 00 00 00 00 00 00 00 00 00 00 00 00 00 00 00 00 00 00 00 00 00 00 00 00 00 00 00 00 00 00 00 00 00 00 00 00
34546701,W,0,578,232,2.32,255,a0 10 00 1a 02 42 00 e8 06 01 ff 00 07 07 01 55 23 c3 0a a4 00 2b 00 00 00 00 00 00 00 00 00 00 00 00 00 00 00 00 00 00 00 00 00 00 00 00 00 00 00 00 00 00 00 00 00 00 00 00 00 00 00 00 00 00
34561827,W,0,619,240,2.40,255,a0 10 00 1a 02 6b 00 f0 04 01 ff 00 07 07 01 55 23 47 0a a4 00 2b 00 00 00 00 00 00 00 00 00 00 00 00 00 00 00 00 00 00 00 00 00 00 00 00 00 00 00 00 00 00 00 00 00 00 00 00 00 00 00 00 00 00
34577706,W,0,667,250,2.50,255,a0 10 00 1a 02 9b 00 fa 04 01 ff 00 07 07 01 55 22 b6 0a a4 00 2b 00 00 00 00 00 00 00 00 00 00 00 00 00 00 00 00 00 00 00 00 00 00 00 00 00 00 00 00 00 00 00 00 00 00 00 00 00 00 00 00 00 00
34591705,W,0,714,256,2.56,255,a0 10 00 1a 02 ca 01 00 00 01 ff 00 07 07 01 55 22 29 0a a4 00 2b 00 00 00 00 00 00 00 00 00 00 00 00 00 00 00 00 00 00 00 00 00 00 00 00 00 00 00 00 00 00 00 00 00 00 00 00 00 00 00 00 00 00
34607829,W,0,767,266,2.66,255,a0 10 00 1a 02 ff 01 0a 0a 01 ff 00 07 07 01 55 21 8a 0a a4 00 2b 00 00 00 00 00 00 00 00 00 00 00 00 00 00 00 00 00 00 00 00 00 00 00 00 00 00 00 00 00 00 00 00 00 00 00 00 00 00 00 00 00 00
34622705,W,0,823,274,2.74,255,a0 10 00 1a 03 37 01 12 08 01 ff 00 07 07 01 55 20 df 0a a4 00 2b 00 00 00 00 00 00 00 00 00 00 00 00 00 00 00 00 00 00 00 00 00 00 00 00 00 00 00 00 00 00 00 00 00 00 00 00 00 00 00 00 00 00
34637741,W,0,870,282,2.82,255,a0 10 00 1a 03 66 01 1a 06 01 ff 00 07 07 01 55 20 54 0a a4 00 2b 00 00 00 00 00 00 00 00 00 00 00 00 00 00 00 00 00 00 00 00 00 00 00 00 00 00 00 00 00 00 00 00 00 00 00 00 00 00 00 00 00 00
34666702,W,0,883,283,2.83,255,a0 10 00 1a 03 73 01 1b 08 01 ff 00 07 07 01 55 20 2b 0a a4 00 2b 00 00 00 00 00 00 00 00 00 00 00 00 00 00 00 00 00 00 00 00 00 00 00 00 00 00 00 00 00 00 00 00 00 00 00 00 00 00 00 00 00 00
34726703,W,0,887,283,2.83,255,a0 10 00 1a 03 77 01 1b 07 01 ff 00 07 07 01 55 20 20 0a a4 00 2b 00 00 00 00 00 00 00 00 00 00 00 00 00 00 00 00 00 00 00 00 00 00 00 00 00 00 00 00 00 00 00 00 00 00 00 00 00 00 00 00 00 00
34742700,W,0,949,291,2.91,255,a0 10 00 1a 03 b5 01 23 04 01 ff 00 07 07 01 55 1f 65 0a a4 00 2b 00 00 00 00 00 00 00 00 00 00 00 00 00 00 00 00 00 00 00 00 00 00 00 00 00 00 00 00 00 00 00 00 00 00 00 00 00 00 00 00 00 00
34758701,W,0,1022,301,3.01,255,a0 10 00 1a 03 fe 01 2d 04 01 ff 00 07 07 01 55 1e 89 0a a4 00 2b 00 01 00 00 00 00 00 00 00 00 00 00 00 00 00 00 00 00 00 00 00 00 00 00 00 00 00 00 00 00 00 00 00 00 00 00 00 00 00 00 00 00
34774701,W,0,1139,309,3.09,255,a0 10 00 1a 04 73 01 35 02 01 ff 00 07 07 01 55 1d 29 0a a4 00 30 00 02 00 00 00 00 00 00 00 00 00 00 00 00 00 00 00 00 00 00 00 00 00 00 00 00 00 00 00 00 00 00 00 00 00 00 00 00 00 00 00 00
34789701,W,0,1254,319,3.19,255,a0 10 00 1a 04 e6 01 3f 02 01 ff 00 07 07 01 55 1b cd 0a a4 00 30 00 03 00 00 00 00 00 00 00 00 00 00 00 00 00 00 00 00 00 00 00 00 00 00 00 00 00 00 00 00 00 00 00 00 00 00 00 00 00 00 00 00
34803702,W,0,1337,327,3.27,255,a0 10 00 1a 05 39 01 47 00 01 ff 00 07 07 01 55 1a d2 0a a4 00 30 00 04 00 00 00 00 00 00 00 00 00 00 00 00 00 00 00 00 00 00 00 00 00 00 00 00 00 00 00 00 00 00 00 00 00 00 00 00 00 00 00 00
34816700,W,0,1371,331,3.31,255,a0 10 00 1a 05 5b 01 4b 00 01 ff 00 07 07 01 55 1a 6e 0a a4 00 30 00 05 00 00 00 00 00 00 00 00 00 00 00 00 00 00 00 00 00 00 00 00 00 00 00 00 00 00 00 00 00 00 00 00 00 00 00 00 00 00 00 00
35012751,W,0,1424,333,3.33,255,a0 10 00 1a 05 90 01 4d 00 01 ff 00 07 07 01 55 19 cd 0a a4 00 30 00 12 00 00 00 00 00 00 00 00 00 00 00 00 00 00 00 00 00 00 00 00 00 00 00 00 00 00 00 00 00 00 00 00 00 00 00 00 00 00 00 00
35028710,W,0,1540,341,3.41,255,a0 10 00 1a 06 04 01 55 00 01 ff 00 07 07 01 55 18 70 0a a4 00 30 00 13 00 00 00 00 00 00 00 00 00 00 00 00 00 00 00 00 00 00 00 00 00 00 00 00 00 00 00 00 00 00 00 00 00 00 00 00 00 00 00 00
35896722,W,0,1367,330,3.30,255,a0 10 00 1a 05 57 01 4a 0b ff ff 00 07 07 01 55 1c d3 0a a4 00 4e 00 00 00 00 00 00 00 00 00 00 00 00 00 00 00 00 00 00 00 00 00 00 00 00 00 00 00 00 00 00 00 00 00 00 00 00 00 00 00 00 00 00
35925846,W,0,641,301,3.01,255,a0 10 00 1a 02 81 01 2d 1d ff ff 00 07 07 01 55 24 23 0a a4 00 51 00 00 00 00 00 00 00 00 00 00 00 00 00 00 00 00 00 00 00 00 00 00 00 00 00 00 00 00 00 00 00 00 00 00 00 00 00 00 00 00 00 00
35955716,W,0,311,272,2.72,255,a0 10 00 1a 01 37 01 10 1d ff ff 00 07 07 01 55 27 5b 0a a4 00 51 00 00 00 00 00 00 00 00 00 00 00 00 00 00 00 00 00 00 00 00 00 00 00 00 00 00 00 00 00 00 00 00 00 00 00 00 00 00 00 00 00 00
35985720,W,0,161,243,2.43,255,a0 10 00 1a 00 a1 00 f3 1d ff ff 00 07 07 01 55 29 0d 0a a4 00 51 00 00 00 00 00 00 00 00 00 00 00 00 00 00 00 00 00 00 00 00 00 00 00 00 00 00 00 00 00 00 00 00 00 00 00 00 00 00 00 00 00 00
36016751,W,0,2,0,0.00,255,a0 10 00 1a 00 02 00 00 dd ff ff 00 07 07 01 55 2a 8a 0a a4 00 00 00 00 00 00 00 00 00 00 00 00 00 00 00 00 00 00 00 00 00 00 00 00 00 00 00 00 00 00 00 00 00 00 00 00 00 00 00 00 00 00 00 00
36601728,D,0,26,23,0.23,255,a0 10 00 07 00 1a 00 17 4b 01 ff 00 07 03 01 55 2c 03 0b 13 00 16 00 00 00 00 00 00 00 00 00 00 00 00 00 00 00 00 00 00 00 00 00 00 00 00 00 00 00 00 00 00 00 00 00 00 00 00 00 00 00 00 00 00
36616758,D,0,28,24,0.24,255,a0 10 00 07 00 1c 00 18 49 01 ff 00 07 03 01 55 2b fd 0b 13 00 18 00 00 00 00 00 00 00 00 00 00 00 00 00 00 00 00 00 00 00 00 00 00 00 00 00 00 00 00 00 00 00 00 00 00 00 00 00 00 00 00 00 00
36631731,D,0,28,25,0.25,255,a0 10 00 07 00 1c 00 19 48 01 ff 00 07 03 01 55 2b fd 0b 13 00 18 00 00 00 00 00 00 00 00 00 00 00 00 00 00 00 00 00 00 00 00 00 00 00 00 00 00 00 00 00 00 00 00 00 00 00 00 00 00 00 00 00 00
36691743,D,0,33,27,0.27,255,a0 10 00 07 00 21 00 1b 47 01 ff 00 07 03 01 55 2b ed 0b 13 00 1b 00 00 00 00 00 00 00 00 00 00 00 00 00 00 00 00 00 00 00 00 00 00 00 00 00 00 00 00 00 00 00 00 00 00 00 00 00 00 00 00 00 00
36708733,D,0,120,82,0.82,255,a0 10 00 07 00 78 00 52 02 01 ff 00 07 03 01 55 2a f2 0b 13 00 2a 00 00 00 00 00 00 00 00 00 00 00 00 00 00 00 00 00 00 00 00 00 00 00 00 00 00 00 00 00 00 00 00 00 00 00 00 00 00 00 00 00 00
36723728,D,0,202,124,1.24,255,a0 10 00 07 00 ca 00 7c 04 01 ff 00 07 03 01 55 2a 07 0b 13 00 2a 00 00 00 00 00 00 00 00 00 00 00 00 00 00 00 00 00 00 00 00 00 00 00 00 00 00 00 00 00 00 00 00 00 00 00 00 00 00 00 00 00 00
36736733,D,0,231,136,1.36,255,a0 10 00 07 00 e7 00 88 06 01 ff 00 07 03 01 55 29 b3 0b 13 00 2a 00 00 00 00 00 00 00 00 00 00 00 00 00 00 00 00 00 00 00 00 00 00 00 00 00 00 00 00 00 00 00 00 00 00 00 00 00 00 00 00 00 00
36931732,D,0,199,122,1.22,255,a0 10 00 07 00 c7 00 7a 0e ff ff 00 07 03 01 55 2a 34 0b 13 00 2a 00 00 00 00 00 00 00 00 00 00 00 00 00 00 00 00 00 00 00 00 00 00 00 00 00 00 00 00 00 00 00 00 00 00 00 00 00 00 00 00 00 00
36946731,D,0,166,106,1.06,255,a0 10 00 07 00 a6 00 6a 00 ff ff 00 07 03 01 55 2a 6d 0b 13 00 2a 00 00 00 00 00 00 00 00 00 00 00 00 00 00 00 00 00 00 00 00 00 00 00 00 00 00 00 00 00 00 00 00 00 00 00 00 00 00 00 00 00 00
37397859,D,0,242,139,1.39,255,a0 10 00 07 00 f2 00 8b 06 01 ff 00 07 03 01 55 29 93 0b 13 00 2c 00 00 00 00 00 00 00 00 00 00 00 00 00 00 00 00 00 00 00 00 00 00 00 00 00 00 00 00 00 00 00 00 00 00 00 00 00 00 00 00 00 00
37413858,D,0,362,181,1.81,255,a0 10 00 07 01 6a 00 b5 08 01 ff 00 07 03 01 55 28 38 0b 13 00 2e 00 00 00 00 00 00 00 00 00 00 00 00 00 00 00 00 00 00 00 00 00 00 00 00 00 00 00 00 00 00 00 00 00 00 00 00 00 00 00 00 00 00
37426731,D,0,388,187,1.87,255,a0 10 00 07 01 84 00 bb 02 01 ff 00 07 03 01 55 27 ee 0b 13 00 2e 00 00 00 00 00 00 00 00 00 00 00 00 00 00 00 00 00 00 00 00 00 00 00 00 00 00 00 00 00 00 00 00 00 00 00 00 00 00 00 00 00 00
37441743,D,0,390,187,1.87,255,a0 10 00 07 01 86 00 bb 04 01 ff 00 07 03 01 55 27 e8 0b 13 00 2e 00 00 00 00 00 00 00 00 00 00 00 00 00 00 00 00 00 00 00 00 00 00 00 00 00 00 00 00 00 00 00 00 00 00 00 00 00 00 00 00 00 00
38194871,D,0,585,233,2.33,255,a0 10 00 07 02 49 00 e9 00 01 ff 00 07 03 01 55 25 b6 0b 13 00 48 00 00 00 00 00 00 00 00 00 00 00 00 00 00 00 00 00 00 00 00 00 00 00 00 00 00 00 00 00 00 00 00 00 00 00 00 00 00 00 00 00 00
38209871,D,0,996,297,2.97,255,a0 10 00 07 03 e4 01 29 04 01 ff 00 07 03 01 55 21 16 0b 13 00 4f 00 00 00 00 00 00 00 00 00 00 00 00 00 00 00 00 00 00 00 00 00 00 00 00 00 00 00 00 00 00 00 00 00 00 00 00 00 00 00 00 00 00
38224874,D,0,1148,309,3.09,255,a0 10 00 07 04 7c 01 35 06 01 ff 00 07 03 01 55 1f 61 0b 13 00 4f 00 01 00 00 00 00 00 00 00 00 00 00 00 00 00 00 00 00 00 00 00 00 00 00 00 00 00 00 00 00 00 00 00 00 00 00 00 00 00 00 00 00
38236874,D,0,1157,311,3.11,255,a0 10 00 07 04 85 01 37 08 01 ff 00 07 03 01 55 1f 46 0b 13 00 4f 00 02 00 00 00 00 00 00 00 00 00 00 00 00 00 00 00 00 00 00 00 00 00 00 00 00 00 00 00 00 00 00 00 00 00 00 00 00 00 00 00 00
38461751,D,0,1188,313,3.13,255,a0 10 00 07 04 a4 01 39 00 01 ff 00 07 03 01 55 1e ed 0b 13 00 4f 00 11 00 00 00 00 00 00 00 00 00 00 00 00 00 00 00 00 00 00 00 00 00 00 00 00 00 00 00 00 00 00 00 00 00 00 00 00 00 00 00 00
38478746,D,0,1587,341,3.41,255,a0 10 00 07 06 33 01 55 00 01 ff 00 07 03 01 55 1a 6f 0b 13 00 4f 00 12 00 00 00 00 00 00 00 00 00 00 00 00 00 00 00 00 00 00 00 00 00 00 00 00 00 00 00 00 00 00 00 00 00 00 00 00 00 00 00 00
38792891,D,0,1363,330,3.30,255,a0 10 00 07 05 53 01 4a 0b ff ff 00 07 03 01 55 1e 20 0b 13 00 61 00 00 00 00 00 00 00 00 00 00 00 00 00 00 00 00 00 00 00 00 00 00 00 00 00 00 00 00 00 00 00 00 00 00 00 00 00 00 00 00 00 00
38820755,D,0,0,0,0.00,255,a0 10 00 07 00 00 00 00 dd ff ff 00 07 03 01 55 2c 51 0b 13 00 00 00 00 00 00 00 00 00 00 00 00 00 00 00 00 00 00 00 00 00 00 00 00 00 00 00 00 00 00 00 00 00 00 00 00 00 00 00 00 00 00 00 00
41191924,W,0,23,22,0.22,255,a0 10 00 1a 00 17 00 16 16 01 ff 00 07 07 01 55 2a 4a 0a a4 00 13 00 00 00 00 00 00 00 00 00 00 00 00 00 00 00 00 00 00 00 00 00 00 00 00 00 00 00 00 00 00 00 00 00 00 00 00 00 00 00 00 00 00
41207917,W,0,97,70,0.70,255,a0 10 00 1a 00 61 00 46 46 01 ff 00 07 07 01 55 29 6d 0a a4 00 27 00 00 00 00 00 00 00 00 00 00 00 00 00 00 00 00 00 00 00 00 00 00 00 00 00 00 00 00 00 00 00 00 00 00 00 00 00 00 00 00 00 00
41224912,W,0,330,170,1.70,255,a0 10 00 1a 01 4a 00 aa 02 01 ff 00 07 07 01 55 26 ae 0a a4 00 49 00 00 00 00 00 00 00 00 00 00 00 00 00 00 00 00 00 00 00 00 00 00 00 00 00 00 00 00 00 00 00 00 00 00 00 00 00 00 00 00 00 00
41240909,W,0,1544,341,3.41,255,a0 10 00 1a 06 08 01 55 00 01 ff 00 07 07 01 55 18 63 0a a4 00 95 00 01 00 00 00 00 00 00 00 00 00 00 00 00 00 00 00 00 00 00 00 00 00 00 00 00 00 00 00 00 00 00 00 00 00 00 00 00 00 00 00 00
41314905,A,0,440,201,2.01,255,a0 10 00 04 01 b8 00 c9 04 01 ff 00 06 09 01 55 28 19 0b 30 00 65 00 00 00 00 00 00 00 00 00 00 00 00 00 00 00 00 00 00 00 00 00 00 00 00 00 00 00 00 00 00 00 00 00 00 00 00 00 00 00 00 00 00
41329907,A,0,1572,341,3.41,255,a0 10 00 04 06 24 01 55 00 01 ff 00 06 09 01 55 1c 25 0b 30 00 77 00 01 00 00 00 00 00 00 00 00 00 00 00 00 00 00 00 00 00 00 00 00 00 00 00 00 00 00 00 00 00 00 00 00 00 00 00 00 00 00 00 00
41357901,W,0,1406,333,3.33,255,a0 10 00 1a 05 7e 01 4d 08 ff ff 00 07 07 01 55 1a 03 0a a4 00 95 00 09 00 00 00 00 00 00 00 00 00 00 00 00 00 00 00 00 00 00 00 00 00 00 00 00 00 00 00 00 00 00 00 00 00 00 00 00 00 00 00 00
41371894,W,0,1363,330,3.30,255,a0 10 00 1a 05 53 01 4a 0b ff ff 00 07 07 01 55 23 0e 0a a4 00 95 00 00 00 00 00 00 00 00 00 00 00 00 00 00 00 00 00 00 00 00 00 00 00 00 00 00 00 00 00 00 00 00 00 00 00 00 00 00 00 00 00 00
41401898,A,0,1367,330,3.30,255,a0 10 00 04 05 57 01 4a 0b ff ff 00 06 09 01 55 20 e4 0b 30 00 77 00 00 00 00 00 00 00 00 00 00 00 00 00 00 00 00 00 00 00 00 00 00 00 00 00 00 00 00 00 00 00 00 00 00 00 00 00 00 00 00 00 00
41416892,W,0,59,301,3.01,255,a0 10 00 1a 00 3b 01 2d 1d ff ff 00 07 07 01 55 2a ab 0a a4 00 95 00 00 00 00 00 00 00 00 00 00 00 00 00 00 00 00 00 00 00 00 00 00 00 00 00 00 00 00 00 00 00 00 00 00 00 00 00 00 00 00 00 00
41430896,A,0,110,301,3.01,255,a0 10 00 04 00 6e 01 2d 1d ff ff 00 06 09 01 55 2c 4f 0b 30 00 77 00 00 00 00 00 00 00 00 00 00 00 00 00 00 00 00 00 00 00 00 00 00 00 00 00 00 00 00 00 00 00 00 00 00 00 00 00 00 00 00 00 00
41445909,W,0,0,0,0.00,255,a0 10 00 1a 00 00 00 00 dd ff ff 00 07 07 01 55 2a ac 0a a4 00 00 00 00 00 00 00 00 00 00 00 00 00 00 00 00 00 00 00 00 00 00 00 00 00 00 00 00 00 00 00 00 00 00 00 00 00 00 00 00 00 00 00 00
41460902,A,0,0,0,0.00,255,a0 10 00 04 00 00 00 00 dd ff ff 00 06 09 01 55 2c e3 0b 30 00 00 00 00 00 00 00 00 00 00 00 00 00 00 00 00 00 00 00 00 00 00 00 00 00 00 00 00 00 00 00 00 00 00 00 00 00 00 00 00 00 00 00 00
